customer_id,step,age,region,recency_days,frequency,avg_monetary,action,donation,profit
0,0,63,east,119,6,39.229990783441906,0,0.0,0.0
0,1,63,east,154,6,34.94086449488013,0,0.0,0.0
0,2,63,east,178,6,27.246529779719378,0,0.0,0.0
0,3,63,east,205,6,33.01398999418344,0,0.0,0.0
0,4,63,east,241,6,25.237441387859224,0,0.0,0.0
0,5,63,east,263,6,38.372061205395646,0,0.0,0.0
1,0,60,south,349,6,51.35752585626028,0,0.0,0.0
1,1,60,south,383,6,51.707456698762925,0,0.0,0.0
1,2,60,south,410,6,35.878061088913896,0,0.0,0.0
1,3,60,south,447,6,35.61095078383159,0,0.0,0.0
1,4,60,south,486,6,22.670097552219104,0,0.0,0.0
1,5,60,south,509,6,12.28221545016957,0,0.0,0.0
1,6,60,south,536,6,30.28110996324184,0,0.0,0.0
1,7,60,south,562,6,42.66477349895666,0,0.0,0.0
2,0,37,south,50,7,4.935749660374762,0,0.0,0.0
2,1,37,south,83,7,6.974035526286945,0,0.0,0.0
2,2,37,south,111,7,15.883551598132314,0,0.0,0.0
2,3,37,south,135,8,16.136957276361088,0,0.0,0.0
2,4,37,south,156,8,7.761790048110555,0,0.0,0.0
2,5,37,south,182,8,1.0,0,0.0,0.0
3,0,38,north,276,8,49.542874554237194,0,0.0,0.0
3,1,38,north,313,8,53.9210692664282,0,0.0,0.0
3,2,38,north,334,8,57.71507538720956,0,0.0,0.0
3,3,38,north,371,8,53.92331104148404,0,0.0,0.0
3,4,38,north,392,8,47.24710293449224,0,0.0,0.0
4,0,73,south,228,9,12.29026760145323,0,180.13340884656796,180.13340884656796
4,1,73,south,262,9,6.636132332248475,0,2.876651340716672,2.876651340716672
4,2,73,south,291,9,13.585963887401263,0,12.152150279683728,12.152150279683728
4,3,73,south,314,9,6.44418973409191,0,45.005884354890604,45.005884354890604
4,4,73,south,351,9,15.845445256190224,0,0.0,0.0
4,5,73,south,379,9,1.0,0,0.0,0.0
4,6,73,south,417,9,7.672230298260025,0,107.9586975672205,107.9586975672205
5,0,22,east,112,2,76.71582453583045,0,17.353857934904152,17.353857934904152
5,1,22,east,148,2,75.3081922507264,1,0.0,-0.5
5,2,22,east,183,2,79.75566799259897,1,0.0,-0.5
5,3,22,east,207,2,89.51498399833493,1,0.0,-0.5
5,4,22,east,229,2,92.76825351390492,1,0.0,-0.5
5,5,22,east,250,2,104.48801162157086,1,0.0,-0.5
5,6,22,east,280,2,119.47587162421917,1,0.0,-0.5
5,7,22,east,319,2,124.72798385812145,1,0.0,-0.5
6,0,55,south,107,3,22.255566432456988,0,0.0,0.0
6,1,55,south,139,3,12.47498937161415,0,0.0,0.0
6,2,55,south,165,3,15.654022331293119,0,0.0,0.0
6,3,55,south,187,3,35.26520679778221,0,0.7622022060793667,0.7622022060793667
6,4,55,south,216,3,17.69120945476023,0,26.315046597099485,26.315046597099485
7,0,69,south,126,5,1.0,0,0.0,0.0
7,1,69,south,148,5,1.0,0,0.0,0.0
7,2,69,south,168,5,7.071197449236385,0,0.0,0.0
7,3,69,south,203,5,7.226429245557094,0,40.08294808084038,40.08294808084038
7,4,69,south,224,5,1.0,0,0.0,0.0
7,5,69,south,249,5,1.0,0,0.0,0.0
7,6,69,south,288,5,15.827193151139316,0,0.0,0.0
8,0,18,south,311,9,102.55757001538537,0,0.0,0.0
8,1,18,south,331,9,110.9312920637696,0,0.0,0.0
8,2,18,south,361,9,107.16450449559314,0,35.54645041017006,35.54645041017006
8,3,18,south,398,9,125.75271244474513,0,0.0,0.0
9,0,40,east,87,9,68.21898399593962,0,7.046568052052964,7.046568052052964
9,1,40,east,114,9,65.02941410494367,0,0.0,0.0
9,2,40,east,146,9,58.20490476294386,0,0.0,0.0
9,3,40,east,174,9,41.2843806091643,0,0.0,0.0
10,0,73,north,205,7,33.878357906801476,0,0.0,0.0
10,1,73,north,243,8,44.16795681910036,0,0.0,0.0
10,2,73,north,272,8,55.95673415428214,0,0.0,0.0
10,3,73,north,310,8,58.73560183917778,0,0.0,0.0
10,4,73,north,349,8,80.00734240335393,0,0.0,0.0
10,5,73,north,376,8,75.11247448532654,0,0.0,0.0
10,6,73,north,400,8,59.93139473268996,0,0.0,0.0
10,7,73,north,422,8,55.319520601322736,0,0.0,0.0
10,8,73,north,449,8,64.73237534590345,0,0.0,0.0
11,0,22,north,229,4,29.770499402228843,0,0.0,0.0
11,1,22,north,249,4,37.421047862199025,0,0.0,0.0
11,2,22,north,273,4,29.131159524588924,0,0.0,0.0
11,3,22,north,306,4,32.5575393382812,0,0.0,0.0
11,4,22,north,345,4,31.29316370118486,0,0.0,0.0
11,5,22,north,365,4,20.629809232735404,0,0.0,0.0
11,6,22,north,397,4,40.050280196306744,0,0.0,0.0
11,7,22,north,433,4,35.96031386513488,0,0.0,0.0
11,8,22,north,469,4,31.21059029498823,0,0.0,0.0
12,0,39,north,205,2,15.477682266863786,1,0.0,-0.5
12,1,39,north,229,2,1.0,1,0.0,-0.5
12,2,39,north,255,2,11.078410604533419,1,0.0,-0.5
12,3,39,north,287,2,17.00927690227173,1,0.0,-0.5
12,4,39,north,314,2,8.009191204180121,1,0.0,-0.5
12,5,39,north,348,2,1.0,1,4.233824397735271,3.7338243977352708
12,6,39,north,373,2,1.0,1,0.0,-0.5
12,7,39,north,400,2,1.0,1,5.515131338607885,5.015131338607885
12,8,39,north,438,2,1.0,1,12.01737839455612,11.51737839455612
13,0,22,north,177,8,3.829195013787227,0,0.0,0.0
13,1,22,north,215,8,11.320353479796843,0,0.0,0.0
13,2,22,north,253,8,1.0,0,0.0,0.0
13,3,22,north,278,8,17.4829241825197,0,0.0,0.0
13,4,22,north,299,8,5.283140390184441,0,0.0,0.0
13,5,22,north,333,8,1.0,0,26.73018164294077,26.73018164294077
14,0,55,west,170,6,13.985424323023885,0,1.6369558472068344,1.6369558472068344
14,1,55,west,190,6,29.32632721606253,0,0.0,0.0
14,2,55,west,217,6,24.027186229725764,0,0.0,0.0
14,3,55,west,250,6,27.891994897393218,0,0.0,0.0
14,4,55,west,286,6,30.761128155513696,0,0.0,0.0
14,5,55,west,320,6,37.61362381725431,0,0.0,0.0
14,6,55,west,352,6,48.527797534930386,0,0.0,0.0
14,7,55,west,387,6,41.64231221029484,0,0.0,0.0
15,0,62,west,48,8,1.0,0,16.349632025505507,16.349632025505507
15,1,62,west,78,8,4.13599179586071,0,0.0,0.0
15,2,62,west,98,9,1.0,0,38.21808854534581,38.21808854534581
15,3,62,west,136,9,3.851125247535786,0,28.958816713829247,28.958816713829247
15,4,62,west,160,9,1.0,0,0.0,0.0
15,5,62,west,194,10,1.0,0,2.0519293675477246,2.0519293675477246
16,0,49,south,210,5,24.330182193046294,0,0.0,0.0
16,1,49,south,246,5,24.90542606878437,0,0.0,0.0
16,2,49,south,279,5,26.23152354270765,0,0.12490632735302222,0.12490632735302222
16,3,49,south,299,5,19.635922659984686,0,0.0,0.0
17,0,60,north,49,4,60.38164114095217,0,0.1672143949425684,0.1672143949425684
17,1,60,north,76,4,61.540409038107036,0,0.0,0.0
17,2,60,north,112,4,51.84982488440542,0,0.0,0.0
17,3,60,north,135,4,59.07068084461695,0,0.0,0.0
17,4,60,north,163,4,71.14650723258165,0,0.0,0.0
17,5,60,north,187,5,76.214919933876,0,0.0,0.0
17,6,60,north,225,5,69.56429606175509,0,0.0,0.0
17,7,60,north,257,5,85.69990472510852,0,0.0,0.0
18,0,63,east,312,1,25.332407727045563,1,0.0,-0.5
18,1,63,east,343,1,26.831746012027168,1,2.8155859578072686,2.3155859578072686
18,2,63,east,379,1,32.32817197003102,1,0.0,-0.5
18,3,63,east,404,2,49.08697253309878,1,0.0,-0.5
18,4,63,east,428,2,60.84897475481726,1,0.0,-0.5
18,5,63,east,453,2,56.48546356904691,1,0.0,-0.5
19,0,66,east,137,3,175.1357453597919,0,0.0,0.0
19,1,66,east,166,3,182.11983466027115,0,0.0,0.0
19,2,66,east,199,3,175.23570737663042,0,0.0,0.0
19,3,66,east,233,3,166.28320760477794,0,0.0,0.0
19,4,66,east,271,3,172.3319370303787,0,0.0,0.0
20,0,38,north,282,0,21.484886448097516,1,0.0,-0.5
20,1,38,north,303,0,18.2325194897721,1,0.0,-0.5
20,2,38,north,340,0,27.611537022206704,1,11.253322243972079,10.753322243972079
20,3,38,north,363,0,29.15299182674987,1,13.312455994371826,12.812455994371826
20,4,38,north,397,0,46.31339504787118,1,0.0,-0.5
20,5,38,north,423,0,59.39533068775833,1,0.0,-0.5
20,6,38,north,458,0,72.70163845136481,1,0.0,-0.5
21,0,70,north,339,4,179.81849395863884,0,0.0,0.0
21,1,70,north,359,4,181.71341062728592,0,0.0,0.0
21,2,70,north,398,4,182.84047789307635,0,0.0,0.0
21,3,70,north,435,4,188.72733344018448,0,0.0,0.0
21,4,70,north,464,4,202.05924046861682,0,0.0,0.0
21,5,70,north,503,4,196.37852859795186,0,0.0,0.0
21,6,70,north,539,4,185.6960651004372,0,0.0,0.0
21,7,70,north,567,4,191.37867673071506,0,0.0,0.0
22,0,33,north,229,6,26.782640514355492,0,0.0,0.0
22,1,33,north,257,7,32.63582081527835,0,0.0,0.0
22,2,33,north,282,8,21.16056672850628,0,0.0,0.0
22,3,33,north,318,8,21.859136695867726,0,0.0,0.0
22,4,33,north,339,8,26.64537286913269,0,0.0,0.0
22,5,33,north,370,8,32.46127089774458,0,0.0,0.0
23,0,20,east,160,5,9.14851234852113,0,0.0,0.0
23,1,20,east,185,6,16.423474268908596,0,0.0,0.0
23,2,20,east,215,6,40.06734627424535,0,3.250991720014292,3.250991720014292
23,3,20,east,240,6,32.535047977028796,0,0.0,0.0
23,4,20,east,277,6,19.90482193035911,0,0.0,0.0
23,5,20,east,299,7,19.65422048454313,0,0.0,0.0
23,6,20,east,330,7,12.291581141846414,0,0.0,0.0
23,7,20,east,352,7,16.0118340867281,0,0.0,0.0
23,8,20,east,380,7,12.87673231216151,0,0.0,0.0
24,0,73,south,362,5,31.62528586187659,0,0.0,0.0
24,1,73,south,386,5,18.30428882649869,0,0.0,0.0
24,2,73,south,416,5,43.3028038645276,0,0.0,0.0
24,3,73,south,453,6,35.87576300502019,0,0.0,0.0
24,4,73,south,479,6,33.53257575943252,0,0.0,0.0
24,5,73,south,515,6,18.71299119840397,0,0.0,0.0
24,6,73,south,543,7,43.09729909498005,0,0.0,0.0
24,7,73,south,577,7,50.04215960969475,0,0.0,0.0
24,8,73,south,611,8,58.95132711448166,0,0.0,0.0
25,0,49,west,48,4,53.18775796940177,0,4.839153982320806,4.839153982320806
25,1,49,west,71,4,48.9580596809842,0,9.737840394608751,9.737840394608751
25,2,49,west,101,4,37.665714660294704,0,0.0,0.0
25,3,49,west,130,4,35.15534010817428,0,0.0,0.0
25,4,49,west,164,5,42.88379406490336,0,0.0,0.0
25,5,49,west,190,5,37.6921514726471,0,0.9006490847888612,0.9006490847888612
25,6,49,west,222,5,32.69006858637602,0,32.823732943008956,32.823732943008956
25,7,49,west,243,5,42.65071814260687,0,0.0,0.0
26,0,29,east,374,5,76.36407882250998,0,0.0,0.0
26,1,29,east,397,5,45.52416710879798,0,2.1269513441219727,2.1269513441219727
26,2,29,east,427,5,44.64988079070527,0,0.0,0.0
26,3,29,east,465,5,39.369475281886956,0,0.0,0.0
26,4,29,east,498,5,37.9826458291385,0,0.0,0.0
27,0,60,south,330,1,79.32128920481219,1,41.95949459952488,41.45949459952488
27,1,60,south,355,1,91.88949752329583,1,0.0,-0.5
27,2,60,south,394,1,81.11477823576064,1,0.0,-0.5
27,3,60,south,429,2,75.50164220286926,1,0.0,-0.5
27,4,60,south,450,2,74.40961625004766,1,0.0,-0.5
27,5,60,south,481,2,66.37212269636466,1,0.0,-0.5
27,6,60,south,505,2,71.26753504586247,1,0.0,-0.5
28,0,20,north,103,9,46.50280974188415,0,0.0,0.0
28,1,20,north,136,9,72.23477702634926,0,0.0,0.0
28,2,20,north,161,9,76.55019711459178,0,0.0,0.0
28,3,20,north,188,9,80.73926321495705,0,0.0,0.0
28,4,20,north,227,10,63.53484010596148,0,0.0,0.0
28,5,20,north,254,10,63.434513578387644,0,0.0,0.0
28,6,20,north,285,10,54.97806929443534,0,0.0,0.0
29,0,25,south,91,9,93.54578407575482,0,2.7223974966519955,2.7223974966519955
29,1,25,south,129,9,91.86297197125994,0,0.0,0.0
29,2,25,south,162,9,91.02056393219542,0,0.0,0.0
29,3,25,south,199,9,108.63274784296979,0,0.0,0.0
29,4,25,south,220,9,103.53042162544003,0,0.0,0.0
29,5,25,south,253,9,93.98815651047242,0,0.0,0.0
29,6,25,south,275,9,89.37648480864233,0,0.0,0.0
29,7,25,south,301,10,80.94446092793771,0,0.9409400004115084,0.9409400004115084
30,0,37,east,174,1,3.2079382602520656,1,0.0,-0.5
30,1,37,east,212,1,1.0,1,0.0,-0.5
30,2,37,east,241,1,19.988175973307268,1,0.0,-0.5
30,3,37,east,270,1,13.319287509113922,1,0.0,-0.5
30,4,37,east,297,1,15.722117850154447,1,0.0,-0.5
30,5,37,east,325,1,18.42503937465681,1,0.0,-0.5
31,0,47,north,160,7,125.33782954643556,0,6.384990285298946,6.384990285298946
31,1,47,north,189,8,108.66093726495654,0,0.0,0.0
31,2,47,north,209,8,91.35104276673502,0,7.480919195325853,7.480919195325853
31,3,47,north,244,8,92.92567029071961,0,0.0,0.0
31,4,47,north,276,8,108.68067964914366,0,0.0,0.0
31,5,47,north,305,9,111.9863124146321,0,0.0,0.0
31,6,47,north,336,9,115.88547103807487,0,0.0,0.0
31,7,47,north,369,9,121.15610957375567,0,13.665782560832396,13.665782560832396
32,0,67,north,393,4,62.02556969915477,0,0.0,0.0
32,1,67,north,415,4,60.28183324860702,0,0.0437788607343576,0.0437788607343576
32,2,67,north,452,5,63.721368406464876,0,0.0,0.0
32,3,67,north,484,5,64.4319167497799,0,0.0,0.0
32,4,67,north,516,5,69.66534305412534,0,6.078726346524665,6.078726346524665
32,5,67,north,537,5,72.0529497714224,0,0.0,0.0
32,6,67,north,565,5,76.67483321565668,0,0.0,0.0
32,7,67,north,587,5,70.01958814202266,0,0.0,0.0
33,0,59,south,91,6,30.742846995133593,0,0.11356503470755215,0.11356503470755215
33,1,59,south,127,6,8.016669885590574,0,1.0415209229316438,1.0415209229316438
33,2,59,south,155,6,6.479279319872312,0,4.911139043186227,4.911139043186227
33,3,59,south,177,6,5.3549499494452,0,25.58507562295959,25.58507562295959
33,4,59,south,201,6,1.0,0,0.0,0.0
33,5,59,south,224,6,1.0,0,0.0,0.0
33,6,59,south,246,6,1.0,0,65.58887956675167,65.58887956675167
34,0,38,south,318,2,13.690142167395823,1,0.0,-0.5
34,1,38,south,348,2,10.109941141762402,1,0.0,-0.5
34,2,38,south,375,2,7.8295957589032295,1,0.0,-0.5
34,3,38,south,395,2,1.0,1,0.0,-0.5
34,4,38,south,417,2,1.0,1,0.0,-0.5
35,0,28,north,30,1,53.036582762044596,0,12.379518200666922,12.379518200666922
35,1,28,north,53,1,46.617512502549395,0,53.44241325094421,53.44241325094421
35,2,28,north,83,1,39.92545644790491,0,12.928908323904107,12.928908323904107
35,3,28,north,107,1,40.35796187688844,0,17.885216592644156,17.885216592644156
36,0,32,west,232,5,73.82455746842234,0,0.0,0.0
36,1,32,west,269,5,72.00104636456561,0,0.0,0.0
36,2,32,west,305,5,65.06013626551386,0,0.0,0.0
36,3,32,west,338,6,67.76028270368633,0,0.0,0.0
36,4,32,west,368,7,62.41604482523213,0,0.0,0.0
36,5,32,west,393,7,59.44702251859385,0,0.0,0.0
37,0,71,south,355,2,102.7623366082436,1,0.0,-0.5
37,1,71,south,378,2,87.37971601643162,1,0.0,-0.5
37,2,71,south,404,2,69.0348165868466,1,0.0,-0.5
37,3,71,south,427,3,65.84272420765242,0,0.0,0.0
37,4,71,south,463,3,57.76573080568091,0,0.0,0.0
37,5,71,south,493,3,45.00495728423741,0,0.0,0.0
38,0,36,north,226,1,44.90472271630581,1,6.647452799959624,6.147452799959624
38,1,36,north,249,1,46.49884275722061,1,0.0,-0.5
38,2,36,north,278,1,47.74111773681792,1,0.0,-0.5
38,3,36,north,300,1,59.564434204357774,1,0.0,-0.5
39,0,43,south,270,7,7.781487170973239,0,0.0,0.0
39,1,43,south,304,7,4.137915169311057,0,0.0,0.0
39,2,43,south,338,8,13.22662050520852,0,0.0,0.0
39,3,43,south,365,8,20.923071502189458,0,0.0,0.0
39,4,43,south,390,8,14.544663361099017,0,0.0,0.0
39,5,43,south,412,9,8.26839094886676,0,3.5180650916089777,3.5180650916089777
39,6,43,south,449,9,6.337014847303493,0,0.0,0.0
40,0,53,south,383,9,1.0,0,0.0,0.0
40,1,53,south,412,9,9.831369640793499,0,0.0,0.0
40,2,53,south,446,9,1.551915139200986,0,0.0,0.0
40,3,53,south,471,9,1.0,0,0.0,0.0
40,4,53,south,497,9,12.635181036820558,0,0.0,0.0
40,5,53,south,523,9,6.26155958811729,0,0.0,0.0
41,0,21,north,177,3,129.31930735763777,0,0.0,0.0
41,1,21,north,214,3,137.09801261086935,0,0.9085731240129026,0.9085731240129026
41,2,21,north,251,3,143.144668708683,0,0.0,0.0
41,3,21,north,282,3,152.78079853793622,0,0.0,0.0
41,4,21,north,310,3,160.59744995453582,0,0.0,0.0
41,5,21,north,347,3,160.97676346396395,0,0.0,0.0
41,6,21,north,378,3,172.16796323158923,0,0.0,0.0
41,7,21,north,405,3,178.3707367927662,0,0.0,0.0
41,8,21,north,433,3,175.77732044983912,0,0.0,0.0
42,0,21,east,368,5,39.8158226817326,0,0.0,0.0
42,1,21,east,400,5,52.90933242206351,0,0.0,0.0
42,2,21,east,426,5,67.190712521664,0,0.0,0.0
42,3,21,east,452,5,81.98542755154143,0,0.0,0.0
42,4,21,east,483,5,71.58810111911117,0,0.0,0.0
42,5,21,east,521,5,70.93255276837418,0,1.080440275785354,1.080440275785354
42,6,21,east,549,5,56.43476945973292,0,0.0,0.0
42,7,21,east,583,5,65.63189184667331,0,0.0,0.0
43,0,36,north,110,9,49.591432645502834,0,2.3709788036363064,2.3709788036363064
43,1,36,north,135,9,58.09748552841707,0,43.902707430616054,43.902707430616054
43,2,36,north,158,9,50.075991968042224,0,41.017344237314845,41.017344237314845
43,3,36,north,182,9,40.59538774447991,0,11.678149945205655,11.678149945205655
43,4,36,north,203,9,41.83166528926628,0,4.195946822209986,4.195946822209986
43,5,36,north,232,9,62.66390448348347,0,17.114787433106105,17.114787433106105
43,6,36,north,267,9,70.84480460533509,0,161.36927355295475,161.36927355295475
43,7,36,north,291,9,93.08277913364748,0,39.573101077106,39.573101077106
44,0,63,south,375,8,84.86501658135562,0,79.7430191659149,79.7430191659149
44,1,63,south,400,8,89.92689321476655,0,0.0,0.0
44,2,63,south,421,8,83.89629821410486,0,0.0,0.0
44,3,63,south,454,8,87.76911953199289,0,0.0,0.0
44,4,63,south,492,8,83.32208174349257,0,15.23368759749203,15.23368759749203
44,5,63,south,525,8,86.8221731095647,0,10.380172587898524,10.380172587898524
44,6,63,south,550,8,82.2714376515873,0,0.0,0.0
44,7,63,south,576,8,84.8328885235756,0,0.0,0.0
44,8,63,south,598,8,73.6552164296794,0,0.0,0.0
45,0,40,east,293,4,26.35705462556018,0,0.0,0.0
45,1,40,east,320,4,17.593787239305318,0,0.0,0.0
45,2,40,east,344,4,3.3416776300946722,0,0.0,0.0
45,3,40,east,380,4,7.468373459463836,0,0.0,0.0
46,0,41,north,100,7,22.064591987737842,0,0.0,0.0
46,1,41,north,130,8,28.47025424866975,0,0.0,0.0
46,2,41,north,155,8,28.843476738983938,0,0.0,0.0
46,3,41,north,191,8,31.05062464699652,0,0.0,0.0
46,4,41,north,228,8,25.363767191386437,0,0.0,0.0
47,0,62,west,74,2,18.891529287418926,0,0.0,0.0
47,1,62,west,94,2,10.332781638587182,0,2.5914681152169194,2.5914681152169194
47,2,62,west,131,2,18.35222757061939,1,0.29887232170709654,-0.20112767829290346
47,3,62,west,170,2,26.92928052450524,1,4.56553605048019,4.06553605048019
47,4,62,west,207,2,35.42976658520642,1,2.5691506647929416,2.0691506647929416
47,5,62,west,228,2,33.387494355242715,1,0.0,-0.5
47,6,62,west,253,2,42.62606636310713,1,0.0,-0.5
48,0,49,north,237,4,64.28090282697373,0,0.0,0.0
48,1,49,north,267,4,51.73650832442779,0,0.0,0.0
48,2,49,north,298,4,51.46450423489331,0,0.0,0.0
48,3,49,north,335,4,52.54280305757942,0,0.0,0.0
48,4,49,north,357,4,62.68238984602892,0,0.0,0.0
48,5,49,north,387,4,54.534763220276474,0,0.0,0.0
49,0,35,east,285,7,70.81896734516005,0,0.0,0.0
49,1,35,east,316,7,54.27953920368641,0,0.0,0.0
49,2,35,east,351,7,74.1901314681205,0,0.0,0.0
49,3,35,east,381,8,80.65708685618183,0,0.0,0.0
49,4,35,east,412,8,78.19659077431318,0,0.0,0.0
49,5,35,east,440,8,73.99085786553566,0,0.0,0.0
49,6,35,east,465,8,77.63074662642525,0,0.0,0.0
49,7,35,east,503,8,90.81384846397654,0,0.0,0.0
50,0,27,east,203,4,105.45035842876875,0,0.0,0.0
50,1,27,east,241,4,126.03128777551836,0,0.5038169311198749,0.5038169311198749
50,2,27,east,266,4,129.7154711983929,0,0.0,0.0
50,3,27,east,304,4,125.88276986935654,0,0.0,0.0
50,4,27,east,337,4,137.6265513847835,0,0.0,0.0
50,5,27,east,369,4,141.86297190151578,0,0.0,0.0
51,0,46,south,155,1,182.37628948152513,1,0.0,-0.5
51,1,46,south,175,1,184.46761930858924,1,0.0,-0.5
51,2,46,south,212,1,190.7122291012568,1,0.0,-0.5
51,3,46,south,251,1,183.30342085620356,1,0.0,-0.5
51,4,46,south,287,1,183.0703072991367,1,0.0,-0.5
51,5,46,south,318,1,178.31555244640805,1,0.0,-0.5
51,6,46,south,356,1,183.07911869517164,1,0.0,-0.5
51,7,46,south,380,1,187.79261966789235,1,0.0,-0.5
51,8,46,south,413,1,184.15832786263772,1,0.0,-0.5
52,0,69,east,369,3,2.529796071211017,0,0.0,0.0
52,1,69,east,408,3,9.033526459394345,0,0.0,0.0
52,2,69,east,442,3,14.50605059122465,0,0.0,0.0
52,3,69,east,472,4,7.3297337470085155,0,0.0,0.0
53,0,74,west,160,6,10.526682715561424,0,2.593629970231935,2.593629970231935
53,1,74,west,184,6,19.06555999158968,0,21.577582311589666,21.577582311589666
53,2,74,west,222,7,1.0,0,9.616130345845386,9.616130345845386
53,3,74,west,247,7,6.196271386465735,0,0.0,0.0
53,4,74,west,267,7,1.0,0,0.0,0.0
53,5,74,west,304,7,1.0,0,0.0,0.0
54,0,52,east,159,6,121.3876516817112,0,0.0,0.0
54,1,52,east,193,6,113.93534883471321,0,0.0,0.0
54,2,52,east,221,6,119.87266004720851,0,0.0,0.0
54,3,52,east,241,6,125.1992339933424,0,0.0,0.0
54,4,52,east,273,7,135.70882071876093,0,0.0,0.0
55,0,50,north,330,3,133.3848042876371,0,0.0,0.0
55,1,50,north,369,3,129.87073695400213,0,0.0,0.0
55,2,50,north,402,3,142.73075039546396,0,0.0,0.0
55,3,50,north,426,3,136.28933695747213,0,0.0,0.0
55,4,50,north,453,3,135.92481730776765,0,0.0,0.0
55,5,50,north,486,3,159.63870184802016,0,0.9160914667719868,0.9160914667719868
56,0,64,west,261,3,11.813646342496812,0,4.661926284537455,4.661926284537455
56,1,64,west,297,3,6.424892131915892,0,0.0,0.0
56,2,64,west,324,3,1.0,0,0.0,0.0
56,3,64,west,354,4,4.377838709827106,0,0.0,0.0
57,0,53,west,143,5,22.332821338719725,0,6.286499002380836,6.286499002380836
57,1,53,west,165,5,32.68347609849506,0,0.0,0.0
57,2,53,west,202,5,36.185647881443444,0,0.0,0.0
57,3,53,west,226,5,29.721207232951517,0,0.0,0.0
57,4,53,west,257,5,29.5662549286144,0,3.813057487477596,3.813057487477596
57,5,53,west,279,5,29.73741417212977,0,0.0,0.0
57,6,53,west,303,5,21.167554991217692,0,0.0,0.0
57,7,53,west,342,5,14.197654943305254,0,0.0,0.0
58,0,21,west,139,1,9.064173483410261,1,2.119307974863724,1.619307974863724
58,1,21,west,163,1,4.957447959573918,1,0.0,-0.5
58,2,21,west,191,1,1.0,1,0.0,-0.5
58,3,21,west,214,1,12.027238618843613,1,17.137601145303908,16.637601145303908
59,0,74,north,313,1,17.671343480822703,1,20.231925144666697,19.731925144666697
59,1,74,north,346,1,17.16041386572958,1,0.0,-0.5
59,2,74,north,381,1,23.666969656212103,1,0.0,-0.5
59,3,74,north,413,1,18.86596343755058,1,0.0,-0.5
59,4,74,north,446,1,9.631811471339372,1,0.0,-0.5
59,5,74,north,482,1,10.946704035285556,1,0.0,-0.5
59,6,74,north,518,1,1.0,1,0.0,-0.5
59,7,74,north,546,1,1.0,1,1.1489407509143537,0.6489407509143537
59,8,74,north,570,1,1.0,1,0.0,-0.5
60,0,28,east,187,9,48.48178193341275,0,0.0,0.0
60,1,28,east,208,9,33.53069524001474,0,0.0,0.0
60,2,28,east,245,9,43.484879877072885,0,0.0,0.0
60,3,28,east,274,9,55.716506342103926,0,0.0,0.0
60,4,28,east,307,10,58.90361915659673,0,0.0,0.0
60,5,28,east,330,10,68.19337185068807,0,0.0,0.0
61,0,73,north,172,5,53.137685210246964,0,0.0,0.0
61,1,73,north,201,5,41.455496866744895,0,0.0,0.0
61,2,73,north,222,5,37.841196807506876,0,12.832802694499428,12.832802694499428
61,3,73,north,255,5,44.27345236060987,0,1.2412288257904351,1.2412288257904351
61,4,73,north,290,5,52.93858169448931,0,0.0,0.0
61,5,73,north,317,5,48.953884983007754,0,17.0545685049418,17.0545685049418
62,0,73,south,216,9,69.93448179997269,0,0.0,0.0
62,1,73,south,252,9,59.28764754376157,0,0.0,0.0
62,2,73,south,291,10,42.67022219959149,0,0.0,0.0
62,3,73,south,329,10,33.52895647837593,0,1.6229516688537922,1.6229516688537922
62,4,73,south,357,10,51.44602542452853,0,0.0,0.0
62,5,73,south,396,10,50.69157611166606,0,0.0,0.0
62,6,73,south,425,10,55.483208496980765,0,0.0,0.0
62,7,73,south,464,10,46.54778701690103,0,0.0,0.0
62,8,73,south,496,10,33.05017728564749,0,0.0,0.0
63,0,66,north,83,8,31.326438341077125,0,77.75022543703784,77.75022543703784
63,1,66,north,111,8,30.00067078924325,0,9.421713953514013,9.421713953514013
63,2,66,north,131,8,40.37229111604589,0,191.24272106632824,191.24272106632824
63,3,66,north,152,8,23.21327621649958,0,171.49524116489513,171.49524116489513
63,4,66,north,189,8,16.42953810255025,0,15.60036558786471,15.60036558786471
63,5,66,north,220,8,24.27002458166914,0,76.95066420212369,76.95066420212369
63,6,66,north,257,9,17.63961173183997,0,26.578521629462003,26.578521629462003
64,0,28,north,347,9,47.75048949426349,0,0.0,0.0
64,1,28,north,381,9,46.385607113028165,0,0.0,0.0
64,2,28,north,416,9,41.6396395656085,0,0.0,0.0
64,3,28,north,449,9,60.902118644817094,0,0.0,0.0
64,4,28,north,479,9,59.04277963211833,0,0.0,0.0
65,0,37,east,159,3,41.87194358695753,0,0.0,0.0
65,1,37,east,181,3,39.848471387379924,0,0.0,0.0
65,2,37,east,215,3,35.26917728454293,0,0.0,0.0
65,3,37,east,238,4,27.284663829311057,0,0.1171766241493959,0.1171766241493959
66,0,32,south,368,6,159.68082257007953,0,0.0,0.0
66,1,32,south,400,6,162.5985153771733,0,0.0,0.0
66,2,32,south,435,6,144.690717329921,0,0.0,0.0
66,3,32,south,457,6,136.49179511345662,0,0.0,0.0
66,4,32,south,488,6,132.98732006183155,0,0.0,0.0
66,5,32,south,509,6,147.94952884207098,0,0.0,0.0
66,6,32,south,544,6,144.4490452384657,0,0.0,0.0
67,0,27,north,125,2,52.15896152433047,1,10.252267186005,9.752267186005
67,1,27,north,155,2,44.0848937004409,1,0.0,-0.5
67,2,27,north,194,2,42.27204266804068,1,0.0,-0.5
67,3,27,north,220,2,40.70495580969049,1,0.0,-0.5
68,0,27,east,258,2,105.51501183788913,1,0.0,-0.5
68,1,27,east,285,2,113.34642404539711,1,0.0,-0.5
68,2,27,east,307,2,115.47130330628316,1,0.0,-0.5
68,3,27,east,341,2,117.73445213745329,1,0.0,-0.5
68,4,27,east,366,2,119.6123461349525,1,0.0,-0.5
68,5,27,east,393,2,134.4339807020363,1,0.0,-0.5
69,0,66,west,262,0,37.39497059570276,1,0.0,-0.5
69,1,66,west,291,0,18.320018457524846,1,0.0,-0.5
69,2,66,west,314,1,26.45500019604479,1,0.0,-0.5
69,3,66,west,346,1,27.951034918731853,1,0.0,-0.5
69,4,66,west,378,1,20.44934861350999,1,8.159969624427518,7.659969624427518
69,5,66,west,399,1,16.717656436823123,1,0.0,-0.5
69,6,66,west,425,1,26.673606556821376,1,0.0,-0.5
69,7,66,west,453,1,28.253194358410653,1,0.0,-0.5
69,8,66,west,478,1,44.98838366065755,1,0.0,-0.5
70,0,57,east,54,0,59.7879571311148,0,0.0,0.0
70,1,57,east,83,0,73.57328258638927,0,0.0,0.0
70,2,57,east,107,0,63.737053586570696,0,0.0,0.0
70,3,57,east,129,0,63.87264883946741,1,0.0,-0.5
70,4,57,east,165,0,55.27576894602561,1,0.0,-0.5
70,5,57,east,204,0,50.95069353445563,1,0.0,-0.5
71,0,57,west,249,10,226.29964324077267,0,0.0,0.0
71,1,57,west,279,10,216.8703297692979,0,0.0,0.0
71,2,57,west,307,10,215.49123911320223,0,0.0,0.0
71,3,57,west,329,10,205.36461483978903,0,56.056784106447516,56.056784106447516
71,4,57,west,367,10,208.39236637306675,0,0.0,0.0
71,5,57,west,395,10,200.64851672919454,0,0.0,0.0
72,0,64,west,322,1,45.10032293308522,1,0.0,-0.5
72,1,64,west,348,1,36.70919588284876,1,0.0,-0.5
72,2,64,west,387,1,38.6336834966937,1,0.0,-0.5
72,3,64,west,423,1,47.6512904521382,1,67.30432277491981,66.80432277491981
72,4,64,west,462,1,29.95701052451333,1,0.0,-0.5
72,5,64,west,493,1,40.59606080241025,1,29.013590639796114,28.513590639796114
73,0,25,south,329,0,93.23450599172111,1,0.0,-0.5
73,1,25,south,355,0,91.27007680990985,1,0.0,-0.5
73,2,25,south,383,0,104.39262884512618,1,8.06610316645586,7.566103166455861
73,3,25,south,404,0,106.21216393111276,1,1.6872051032824211,1.1872051032824211
74,0,54,east,73,2,89.37029467808948,0,0.0,0.0
74,1,54,east,101,2,95.4428977359793,0,0.0,0.0
74,2,54,east,135,2,100.04731103979735,1,0.0,-0.5
74,3,54,east,169,2,117.83949822375179,1,0.0,-0.5
75,0,41,west,154,8,11.041749296181862,0,0.0,0.0
75,1,41,west,176,8,17.733887660339736,0,0.0,0.0
75,2,41,west,204,8,16.315542802254352,0,9.699795967996375,9.699795967996375
75,3,41,west,238,8,5.616070196503262,0,0.0,0.0
75,4,41,west,261,8,13.374518738400845,0,0.0,0.0
75,5,41,west,298,9,1.0,0,0.0,0.0
75,6,41,west,328,9,12.544857190650662,0,1.7388979151087993,1.7388979151087993
76,0,73,south,307,9,265.07092933807564,0,0.0,0.0
76,1,73,south,333,9,273.18237978463713,0,28.23596350506903,28.23596350506903
76,2,73,south,355,9,273.4600931836769,0,0.0,0.0
76,3,73,south,383,9,256.0083291383939,0,0.0,0.0
76,4,73,south,411,9,251.88999331601934,0,4.893730277998165,4.893730277998165
76,5,73,south,439,9,245.35728898421794,0,14.413212160802768,14.413212160802768
76,6,73,south,477,9,236.02122633652536,0,0.0,0.0
77,0,69,east,183,6,5.490130696358655,0,0.0,0.0
77,1,69,east,207,6,23.964664881403923,0,0.0,0.0
77,2,69,east,246,6,32.42167730261866,0,0.0,0.0
77,3,69,east,283,6,32.13783559488258,0,0.0,0.0
77,4,69,east,304,6,29.62696290175227,0,0.0,0.0
77,5,69,east,331,6,30.990314889106656,0,0.0,0.0
77,6,69,east,363,6,42.84483062471635,0,0.0,0.0
77,7,69,east,397,6,41.753624549905275,0,0.0,0.0
77,8,69,east,434,6,48.41806915308706,0,0.0,0.0
78,0,27,south,159,9,11.47906460252635,0,2.4428604360103083,2.4428604360103083
78,1,27,south,185,9,1.0,0,0.0,0.0
78,2,27,south,207,9,1.0,0,0.0,0.0
78,3,27,south,245,9,2.5727322840385662,0,0.0,0.0
78,4,27,south,280,9,1.0,0,0.0,0.0
78,5,27,south,310,9,6.287016862705646,0,0.0,0.0
78,6,27,south,334,9,24.4676031252995,0,0.0,0.0
79,0,47,south,343,1,69.1627700972699,1,0.0,-0.5
79,1,47,south,372,1,83.70526947630681,1,0.0,-0.5
79,2,47,south,410,1,80.93813844214131,1,9.169295731695243,8.669295731695243
79,3,47,south,445,1,96.22828153331277,1,0.0,-0.5
79,4,47,south,483,1,102.60320755591016,1,0.0,-0.5
79,5,47,south,521,1,99.30324983416651,1,0.0,-0.5
79,6,47,south,557,1,87.7738203166763,1,0.0,-0.5
79,7,47,south,593,1,86.81970135131309,1,0.0,-0.5
79,8,47,south,618,1,85.00108070934515,1,13.285711813029073,12.785711813029073
80,0,25,east,309,4,88.2870972714677,0,0.0,0.0
80,1,25,east,338,5,83.18148957242182,0,0.0,0.0
80,2,25,east,371,5,79.1601355503193,0,39.13439151937208,39.13439151937208
80,3,25,east,407,5,77.60780629794091,0,0.0,0.0
80,4,25,east,428,5,92.96698197961469,0,0.0,0.0
80,5,25,east,457,5,106.04438251341227,0,0.0,0.0
81,0,20,east,224,2,37.67400931241759,1,0.0,-0.5
81,1,20,east,248,3,57.302846938862956,0,7.497393747615643,7.497393747615643
81,2,20,east,268,3,56.794102514263706,0,0.0,0.0
81,3,20,east,294,3,50.944156436050044,0,0.0,0.0
81,4,20,east,320,3,67.70710312606694,0,0.0918554037926614,0.0918554037926614
81,5,20,east,353,4,73.4812933734249,0,0.0,0.0
81,6,20,east,373,4,74.07423387605033,0,0.0,0.0
81,7,20,east,407,4,71.65416885611157,0,0.0,0.0
81,8,20,east,441,4,91.53691218979246,0,0.0,0.0
82,0,60,west,147,2,68.68912080829226,1,0.0,-0.5
82,1,60,west,175,2,70.2804778758504,1,0.0,-0.5
82,2,60,west,210,2,72.77149663198357,1,0.0,-0.5
82,3,60,west,233,2,79.40976879184116,1,0.0,-0.5
82,4,60,west,259,2,71.46323917153629,1,0.0,-0.5
83,0,49,south,320,7,44.57474184865261,0,0.0,0.0
83,1,49,south,344,7,60.19630236156398,0,0.0,0.0
83,2,49,south,366,7,46.406312777491074,0,0.0,0.0
83,3,49,south,393,8,41.97379329103494,0,0.0,0.0
83,4,49,south,424,9,32.807534795225706,0,0.0,0.0
83,5,49,south,448,9,29.449441663160673,0,0.0,0.0
83,6,49,south,472,9,31.4231596381274,0,0.0,0.0
84,0,56,north,278,8,140.37636629509336,0,0.0,0.0
84,1,56,north,308,8,131.12128931856643,0,0.0,0.0
84,2,56,north,347,8,132.73282612387698,0,0.0,0.0
84,3,56,north,381,8,133.88715668824946,0,0.0,0.0
84,4,56,north,402,8,133.69437862003306,0,0.0,0.0
84,5,56,north,436,8,133.10523440495587,0,0.0,0.0
85,0,36,south,379,8,83.79511291852322,0,0.0,0.0
85,1,36,south,412,8,78.72485733177558,0,0.0,0.0
85,2,36,south,451,8,76.55444769200714,0,0.0,0.0
85,3,36,south,482,9,92.88686336780972,0,0.0,0.0
85,4,36,south,507,9,93.96104801167488,0,0.0,0.0
85,5,36,south,546,9,96.38082180572668,0,0.0,0.0
85,6,36,south,578,9,104.90537072956849,0,0.0,0.0
86,0,27,east,62,0,234.29142686514257,0,3.4790092177622856,3.4790092177622856
86,1,27,east,92,0,222.82838251550578,0,0.0,0.0
86,2,27,east,119,0,241.86427142958613,0,0.0,0.0
86,3,27,east,145,0,251.0962975988052,1,0.0,-0.5
87,0,49,north,266,7,25.63793089479228,0,0.0,0.0
87,1,49,north,303,7,33.433452352399776,0,0.0,0.0
87,2,49,north,335,7,45.67405478655346,0,0.0,0.0
87,3,49,north,371,7,52.281189381608485,0,0.0,0.0
87,4,49,north,410,7,62.418521200911044,0,0.0,0.0
87,5,49,north,431,7,54.258441522566166,0,0.0,0.0
87,6,49,north,455,7,58.89437745573508,0,0.0,0.0
88,0,51,north,205,3,10.615658272075782,0,0.0,0.0
88,1,51,north,236,3,10.14554572720879,0,3.6983575144344876,3.6983575144344876
88,2,51,north,260,3,18.18735574131641,0,0.0,0.0
88,3,51,north,286,3,13.594260975748071,0,0.0,0.0
88,4,51,north,315,3,15.00885412519573,0,0.0,0.0
88,5,51,north,345,3,8.23994127418607,0,0.0,0.0
88,6,51,north,367,3,12.677540542679651,0,0.0,0.0
88,7,51,north,401,3,1.0,0,0.0,0.0
88,8,51,north,421,3,6.243443532260578,0,0.7119403204694741,0.7119403204694741
89,0,70,east,114,8,15.726028655387582,0,0.0,0.0
89,1,70,east,142,8,26.16287927967656,0,0.0,0.0
89,2,70,east,167,9,18.562605088979588,0,0.0,0.0
89,3,70,east,200,9,1.0,0,0.0,0.0
89,4,70,east,226,10,10.852825657091614,0,0.0,0.0
89,5,70,east,264,10,10.73380094485498,0,0.0,0.0
89,6,70,east,297,10,9.755762752599793,0,0.0,0.0
89,7,70,east,323,10,9.804048131440885,0,2.7948445215747584,2.7948445215747584
90,0,69,north,215,9,4.8073560512965186,0,0.0,0.0
90,1,69,north,246,9,1.0,0,0.0,0.0
90,2,69,north,267,10,6.775606174988961,0,0.0,0.0
90,3,69,north,291,10,16.742557660354024,0,0.0,0.0
91,0,60,north,124,0,26.866118037502726,1,2.3841905327903445,1.8841905327903445
91,1,60,north,156,0,6.494954980132434,1,0.0,-0.5
91,2,60,north,186,0,24.466197210188874,1,12.7459465741269,12.2459465741269
91,3,60,north,220,0,27.02583740294281,1,0.0,-0.5
91,4,60,north,255,0,29.406380123734785,1,0.0,-0.5
91,5,60,north,284,0,31.57163036614208,1,0.0,-0.5
92,0,45,south,388,8,37.57898386078917,0,0.0,0.0
92,1,45,south,420,8,50.992273310826874,0,0.0,0.0
92,2,45,south,448,8,63.086421432513575,0,0.0,0.0
92,3,45,south,480,8,58.30581335674685,0,0.0,0.0
92,4,45,south,519,8,53.394786681970245,0,0.0,0.0
92,5,45,south,540,8,68.07197112693112,0,0.0,0.0
92,6,45,south,564,8,63.458526489627516,0,0.0,0.0
92,7,45,south,600,8,68.124316496121,0,0.0,0.0
93,0,39,west,91,2,17.296048910685315,0,38.9313586401756,38.9313586401756
93,1,39,west,114,2,27.480702919071835,0,0.0,0.0
93,2,39,west,141,2,18.52594601290871,1,0.0,-0.5
93,3,39,west,171,2,19.179530873168993,1,0.0,-0.5
93,4,39,west,210,2,14.843217153102929,1,2.3167678452005105,1.8167678452005105
93,5,39,west,235,3,24.08282015224966,0,2.1897726917946114,2.1897726917946114
93,6,39,west,263,3,19.820000637698556,0,0.0,0.0
93,7,39,west,297,3,4.167488301651133,0,0.0,0.0
93,8,39,west,326,3,1.0,0,5.810051954780862,5.810051954780862
94,0,58,north,209,8,73.49096882802245,0,0.0,0.0
94,1,58,north,238,8,75.38030507128654,0,0.0,0.0
94,2,58,north,260,8,65.86240497523818,0,0.0,0.0
94,3,58,north,281,8,52.49352997244307,0,0.0,0.0
94,4,58,north,310,9,67.77174864368277,0,0.0,0.0
95,0,57,east,342,5,72.67971932147643,0,0.0,0.0
95,1,57,east,377,5,66.82615589436566,0,0.0,0.0
95,2,57,east,414,5,59.59552820322459,0,0.0,0.0
95,3,57,east,451,5,73.9213485388141,0,0.0,0.0
95,4,57,east,478,6,83.82440500161742,0,0.0,0.0
95,5,57,east,505,6,96.16375861267977,0,11.051417111105087,11.051417111105087
95,6,57,east,536,6,89.75487936213219,0,6.2492274850897225,6.2492274850897225
96,0,28,south,225,8,1.0,0,2.441502365960481,2.441502365960481
96,1,28,south,252,8,1.0,0,0.0,0.0
96,2,28,south,284,9,1.0,0,0.0,0.0
96,3,28,south,321,9,18.823740425120384,0,0.0,0.0
96,4,28,south,347,9,17.435118944940445,0,0.0,0.0
96,5,28,south,384,9,19.44991290339152,0,0.0,0.0
96,6,28,south,420,9,18.835981808173344,0,0.0,0.0
97,0,50,east,61,1,41.0287829175296,0,0.11164126779658759,0.11164126779658759
97,1,50,east,93,1,49.021274882253664,0,0.0,0.0
97,2,50,east,126,2,56.997760536003604,1,0.0,-0.5
97,3,50,east,150,2,44.294342768679556,1,0.0,-0.5
97,4,50,east,176,2,48.65979335343163,1,0.0,-0.5
97,5,50,east,206,2,40.38221628265964,1,10.557828385929774,10.057828385929774
97,6,50,east,229,2,44.50405526122753,1,0.0,-0.5
98,0,29,north,51,4,33.821087204000925,0,0.0,0.0
98,1,29,north,77,4,39.21720978538711,0,0.0,0.0
98,2,29,north,113,4,46.539181608672266,0,6.529957396098438,6.529957396098438
98,3,29,north,149,4,40.02338281463822,0,4.639731820501453,4.639731820501453
99,0,44,north,232,8,42.59113773669443,0,30.584576837279947,30.584576837279947
99,1,44,north,255,8,45.29369944030143,0,8.903352505003399,8.903352505003399
99,2,44,north,287,9,56.618952065852525,0,0.0,0.0
99,3,44,north,326,9,57.54361669246494,0,13.414728854719487,13.414728854719487
99,4,44,north,348,9,58.409594254264704,0,0.0,0.0
99,5,44,north,379,9,50.947353753559405,0,11.410999181097875,11.410999181097875
100,0,30,south,149,6,1.261707437001759,0,0.0,0.0
100,1,30,south,170,6,14.436136485502042,0,0.0,0.0
100,2,30,south,192,6,31.43542494640394,0,0.0,0.0
100,3,30,south,212,6,38.1293156402422,0,0.0,0.0
100,4,30,south,251,6,43.74852187168375,0,0.0,0.0
100,5,30,south,277,6,28.395869331739796,0,0.0,0.0
100,6,30,south,309,7,29.586392184363973,0,0.0,0.0
100,7,30,south,346,7,26.638462079467935,0,0.0,0.0
101,0,34,east,347,0,72.12825105177475,1,0.0,-0.5
101,1,34,east,371,0,73.106495889423,1,0.0,-0.5
101,2,34,east,410,0,88.21489147794605,1,0.0,-0.5
101,3,34,east,444,0,94.8805584104553,1,0.0,-0.5
101,4,34,east,464,0,108.58771095856025,1,0.0,-0.5
101,5,34,east,501,0,99.3953980506719,1,0.0,-0.5
101,6,34,east,528,0,85.77728643103595,1,0.0,-0.5
102,0,49,west,58,4,50.51065844334585,0,7.62544410170261,7.62544410170261
102,1,49,west,89,4,74.06301385738016,0,0.7975814706030939,0.7975814706030939
102,2,49,west,124,4,74.78114284330168,0,96.02101024461936,96.02101024461936
102,3,49,west,155,4,73.01435926826204,0,97.7811793119276,97.7811793119276
102,4,49,west,180,4,65.92684175967555,0,51.925619319281054,51.925619319281054
102,5,49,west,210,4,60.27009908805768,0,138.63103233365763,138.63103233365763
102,6,49,west,249,4,53.55566680423608,0,0.0,0.0
103,0,52,north,375,8,31.93283077760383,0,0.0,0.0
103,1,52,north,405,8,35.587400753797894,0,0.0,0.0
103,2,52,north,430,8,38.088260465011835,0,0.0,0.0
103,3,52,north,463,9,40.36790056968766,0,0.0,0.0
103,4,52,north,499,9,33.27805793144052,0,0.0,0.0
103,5,52,north,523,9,21.636023761409692,0,0.0,0.0
104,0,59,south,65,8,19.08255657502876,0,0.0,0.0
104,1,59,south,101,8,28.721304933076127,0,2.0576876675227305,2.0576876675227305
104,2,59,south,138,8,22.103957066351015,0,0.0,0.0
104,3,59,south,163,8,27.550434220469015,0,5.752578693919971,5.752578693919971
104,4,59,south,192,8,32.353810729686934,0,0.0,0.0
104,5,59,south,231,8,25.07085961291053,0,0.0,0.0
104,6,59,south,259,8,37.50079855428864,0,0.0,0.0
104,7,59,south,283,8,56.38450141471916,0,0.0,0.0
104,8,59,south,309,8,57.882002373219734,0,0.0,0.0
105,0,74,west,273,4,44.02099713841049,0,0.0,0.0
105,1,74,west,308,4,35.19812307153609,0,0.0,0.0
105,2,74,west,343,5,29.88977124120195,0,0.0,0.0
105,3,74,west,370,5,26.010414532433288,0,0.0,0.0
106,0,64,south,220,8,62.35162221820808,0,0.0,0.0
106,1,64,south,249,8,70.27971281687384,0,0.0,0.0
106,2,64,south,272,9,55.52145506516007,0,0.0,0.0
106,3,64,south,296,10,68.44454740002624,0,0.0,0.0
106,4,64,south,334,10,86.24423305749185,0,0.0,0.0
106,5,64,south,359,11,103.02824741003617,0,0.0,0.0
106,6,64,south,396,11,112.49345959413937,0,0.0,0.0
106,7,64,south,422,12,124.2801958039553,0,0.0,0.0
107,0,60,south,213,8,18.13161691784071,0,9.381935655900483,9.381935655900483
107,1,60,south,248,9,30.479949536732136,0,36.69473993111151,36.69473993111151
107,2,60,south,274,9,17.413827059972355,0,23.640486497524638,23.640486497524638
107,3,60,south,297,9,15.91740340298655,0,27.05960880385385,27.05960880385385
107,4,60,south,318,10,22.68954506400211,0,19.76322803126883,19.76322803126883
107,5,60,south,349,10,22.91972109042018,0,0.0,0.0
107,6,60,south,387,11,25.468062727012224,0,75.31606300668125,75.31606300668125
107,7,60,south,416,11,33.01083972554643,0,0.0,0.0
108,0,42,south,360,3,88.37867843996189,0,0.0,0.0
108,1,42,south,395,3,86.33839284995358,0,0.0,0.0
108,2,42,south,420,3,85.74769259540959,0,0.0,0.0
108,3,42,south,457,3,66.81403989191614,0,0.0,0.0
108,4,42,south,480,3,76.75855905332665,0,0.0,0.0
109,0,56,east,69,8,97.72684722344961,0,7.58000066174572,7.58000066174572
109,1,56,east,93,8,86.91931723817332,0,1.3492293614200648,1.3492293614200648
109,2,56,east,119,8,99.50778832692384,0,3.1568653109672065,3.1568653109672065
109,3,56,east,149,8,107.38427905384516,0,18.792116713943848,18.792116713943848
109,4,56,east,185,8,89.950425466379,0,55.396708135412084,55.396708135412084
109,5,56,east,206,8,84.32186413791526,0,29.05715303065014,29.05715303065014
109,6,56,east,232,8,80.91524480256133,0,29.313227027481435,29.313227027481435
110,0,31,south,281,9,11.730911510623734,0,9.926747018592883,9.926747018592883
110,1,31,south,305,9,27.699085393524616,0,0.0,0.0
110,2,31,south,329,10,42.185497457782446,0,1.019468433111777,1.019468433111777
110,3,31,south,352,10,49.06232531696446,0,0.0,0.0
110,4,31,south,379,10,47.82348452830479,0,0.0,0.0
111,0,73,south,207,6,30.869149095579566,0,0.0,0.0
111,1,73,south,227,6,9.362620547851431,0,0.0,0.0
111,2,73,south,250,6,30.452884152562614,0,0.0,0.0
111,3,73,south,271,6,38.20609203103824,0,0.0,0.0
111,4,73,south,295,6,39.70089415996532,0,0.0,0.0
111,5,73,south,318,6,43.02919644231601,0,0.0,0.0
111,6,73,south,352,6,49.88067192121764,0,0.0,0.0
111,7,73,south,391,6,42.40668442796156,0,0.0,0.0
112,0,18,south,174,4,1.0,0,0.0,0.0
112,1,18,south,195,4,1.0,0,0.0,0.0
112,2,18,south,232,4,5.503199458175469,0,0.0,0.0
112,3,18,south,263,4,4.550468339167383,0,0.0,0.0
112,4,18,south,297,4,1.0,0,0.0,0.0
112,5,18,south,325,4,2.7095613102191267,0,0.0,0.0
113,0,54,west,334,0,115.9523521164335,1,0.0,-0.5
113,1,54,west,354,0,119.3152101869804,1,0.0,-0.5
113,2,54,west,385,0,119.73469163402793,1,0.0,-0.5
113,3,54,west,410,0,127.35370530198765,1,0.0,-0.5
113,4,54,west,443,0,119.32325323450593,1,0.0,-0.5
113,5,54,west,471,0,92.13046716061598,1,0.7043523544263454,0.20435235442634536
113,6,54,west,510,0,99.3199335919471,1,0.0,-0.5
113,7,54,west,530,0,102.21353614969065,1,0.0,-0.5
114,0,23,east,140,9,85.7888949667688,0,4.492518236706716,4.492518236706716
114,1,23,east,179,9,79.52350842033381,0,0.0,0.0
114,2,23,east,203,10,74.56738683110889,0,0.0,0.0
114,3,23,east,229,10,80.77306280751827,0,22.62117315260169,22.62117315260169
115,0,49,west,256,8,2.5954762296153833,0,0.0,0.0
115,1,49,west,283,8,2.0046540087714324,0,0.0,0.0
115,2,49,west,319,8,1.0,0,0.0,0.0
115,3,49,west,342,8,1.0,0,0.0,0.0
115,4,49,west,371,8,1.0,0,0.0,0.0
115,5,49,west,396,9,1.0,0,0.0,0.0
115,6,49,west,427,9,9.38910112381142,0,0.0,0.0
115,7,49,west,460,9,13.25970258865883,0,0.0,0.0
116,0,72,east,307,9,1.0,0,0.0,0.0
116,1,72,east,335,9,1.0,0,0.0,0.0
116,2,72,east,364,9,11.379913173435774,0,0.0,0.0
116,3,72,east,395,9,30.36197281523848,0,0.0,0.0
117,0,28,south,382,6,98.53441265856681,0,0.0,0.0
117,1,28,south,416,6,95.36987050785548,0,0.0,0.0
117,2,28,south,437,7,83.77808289861551,0,0.0,0.0
117,3,28,south,459,8,75.9242105480611,0,0.0,0.0
117,4,28,south,496,8,86.4699991392393,0,0.0,0.0
117,5,28,south,532,8,84.54791018383855,0,0.0,0.0
117,6,28,south,562,8,71.28881356712563,0,0.0,0.0
117,7,28,south,593,9,74.14137118342616,0,0.0,0.0
118,0,35,west,245,6,27.36461856096083,0,0.09344941389590312,0.09344941389590312
118,1,35,west,281,6,31.439943305358955,0,0.0,0.0
118,2,35,west,316,6,46.42440451194451,0,0.0,0.0
118,3,35,west,353,6,55.360093965213125,0,0.0,0.0
118,4,35,west,392,6,70.12944781282646,0,0.0,0.0
118,5,35,west,426,6,74.7007155598151,0,0.0,0.0
118,6,35,west,460,6,58.06497664629743,0,0.0,0.0
119,0,19,south,142,6,33.22826193484876,0,0.0,0.0
119,1,19,south,177,6,29.65554940247919,0,0.0,0.0
119,2,19,south,215,6,44.48420047820168,0,0.0,0.0
119,3,19,south,250,7,62.172462188885945,0,0.0,0.0
119,4,19,south,273,8,47.57562412322776,0,0.0,0.0
119,5,19,south,293,8,45.63735966826288,0,15.822565948355821,15.822565948355821
119,6,19,south,319,8,30.952537693197925,0,0.0,0.0
120,0,66,east,364,6,58.85779342946377,0,0.0,0.0
120,1,66,east,403,7,45.22280484118858,0,33.25130094714511,33.25130094714511
120,2,66,east,436,8,47.96307142174085,0,0.0,0.0
120,3,66,east,457,9,42.40852813767698,0,0.0,0.0
120,4,66,east,477,9,43.15608217315637,0,0.0,0.0
120,5,66,east,507,9,36.707303256515914,0,2.4503177718216227,2.4503177718216227
120,6,66,east,537,10,27.84529817553802,0,0.0,0.0
120,7,66,east,563,10,18.541175683264598,0,0.0,0.0
120,8,66,east,587,10,24.21546361196516,0,65.92904028459256,65.92904028459256
121,0,68,east,132,1,168.2841345884187,1,10.202654999867576,9.702654999867576
121,1,68,east,156,1,161.34776842196948,1,3.270228576028587,2.770228576028587
121,2,68,east,186,1,165.2760444280441,1,0.0,-0.5
121,3,68,east,208,1,153.95950251491166,1,0.0,-0.5
122,0,32,west,136,1,22.282172166462896,1,0.0,-0.5
122,1,32,west,162,1,22.074107839462837,1,0.6233250054382983,0.12332500543829827
122,2,32,west,190,1,32.94117000628972,1,0.0,-0.5
122,3,32,west,220,1,41.52764607843865,1,0.0,-0.5
122,4,32,west,253,1,48.49530594190101,1,0.0,-0.5
122,5,32,west,274,1,21.122034260331496,1,0.0,-0.5
123,0,55,north,304,9,66.79161876764249,0,0.0,0.0
123,1,55,north,340,9,60.67365702961503,0,0.0,0.0
123,2,55,north,377,9,55.449994605032195,0,0.0,0.0
123,3,55,north,414,9,51.101118585142345,0,0.0,0.0
123,4,55,north,435,10,58.7980810683372,0,0.0,0.0
123,5,55,north,466,10,66.38305506907422,0,0.0,0.0
123,6,55,north,498,10,54.21390407218967,0,0.0,0.0
124,0,28,east,40,8,35.707711655619896,0,0.0,0.0
124,1,28,east,77,8,41.87797569620231,0,0.0,0.0
124,2,28,east,116,8,40.75424532175985,0,0.0,0.0
124,3,28,east,147,8,29.606505691559683,0,0.0,0.0
124,4,28,east,179,8,30.070577028705106,0,0.0,0.0
125,0,28,south,102,0,49.9021199801392,0,3.18696614765167,3.18696614765167
125,1,28,south,127,0,41.97081699831686,1,0.0,-0.5
125,2,28,south,158,0,39.48080180590405,1,8.66752519014736,8.16752519014736
125,3,28,south,180,0,33.80479568706233,1,0.0,-0.5
125,4,28,south,200,0,58.28292455846791,1,0.0,-0.5
125,5,28,south,225,0,66.8723814244834,1,0.0,-0.5
125,6,28,south,246,0,67.63010148772696,1,0.0,-0.5
125,7,28,south,270,0,71.25112613841209,1,0.0,-0.5
125,8,28,south,291,0,78.49715154042066,1,0.0,-0.5
126,0,52,east,139,8,81.89698162312285,0,0.8237231004385079,0.8237231004385079
126,1,52,east,178,8,75.28048513948997,0,0.0,0.0
126,2,52,east,216,8,84.00609520686527,0,0.0,0.0
126,3,52,east,246,9,88.52705831706623,0,0.0,0.0
126,4,52,east,275,9,96.78228100566452,0,0.0,0.0
127,0,22,north,350,7,39.60806732785275,0,0.0,0.0
127,1,22,north,377,7,30.94120371899303,0,0.0,0.0
127,2,22,north,403,7,15.739420941067447,0,0.0,0.0
127,3,22,north,423,7,1.0,0,0.0,0.0
127,4,22,north,458,7,14.769497123900752,0,0.0,0.0
127,5,22,north,495,7,3.176026277801604,0,0.0,0.0
127,6,22,north,534,7,11.358004829176037,0,0.0,0.0
127,7,22,north,556,7,1.0,0,0.0,0.0
127,8,22,north,587,7,1.0,0,0.0,0.0
128,0,23,west,152,2,9.352734694156442,1,0.0,-0.5
128,1,23,west,189,2,20.51634857541276,1,0.0,-0.5
128,2,23,west,227,2,6.429153349880131,1,0.0,-0.5
128,3,23,west,262,2,1.8387094643824913,1,0.0,-0.5
128,4,23,west,300,2,4.753594078273281,1,0.0,-0.5
129,0,60,south,228,2,50.16171101125782,1,6.60996317380855,6.10996317380855
129,1,60,south,256,2,63.89654645247462,1,0.0,-0.5
129,2,60,south,291,2,69.1853829735902,1,0.0,-0.5
129,3,60,south,313,3,65.68985254664747,0,0.0,0.0
129,4,60,south,338,3,70.1434927952225,0,0.0,0.0
129,5,60,south,367,3,52.53352652671268,0,0.0,0.0
130,0,32,west,384,1,47.0565161659198,1,0.0,-0.5
130,1,32,west,419,1,52.290968296033,1,0.0,-0.5
130,2,32,west,442,1,43.85861175927119,1,0.0,-0.5
130,3,32,west,465,1,37.081774147556516,1,0.0,-0.5
130,4,32,west,497,1,41.36069146080722,1,0.0,-0.5
130,5,32,west,535,1,39.495805484694564,1,0.0,-0.5
131,0,33,north,226,6,3.1169770795115896,0,35.54251833636806,35.54251833636806
131,1,33,north,246,6,17.329185485051845,0,39.671679496403584,39.671679496403584
131,2,33,north,285,6,19.026099941774362,0,127.98679919219471,127.98679919219471
131,3,33,north,307,6,12.069744849573386,0,47.729184871799546,47.729184871799546
132,0,28,south,282,6,1.0,0,0.0,0.0
132,1,28,south,309,7,20.06991555829634,0,0.0,0.0
132,2,28,south,345,7,2.276178472978085,0,5.6481787243135235,5.6481787243135235
132,3,28,south,376,7,1.0,0,0.0,0.0
133,0,71,west,249,1,1.0,1,0.0,-0.5
133,1,71,west,279,1,1.0,1,26.832843682227058,26.332843682227058
133,2,71,west,317,1,17.046244442551114,1,0.0,-0.5
133,3,71,west,353,1,17.40451085788112,1,1.2550777983036838,0.7550777983036838
133,4,71,west,385,1,8.507826663135745,1,0.0,-0.5
133,5,71,west,418,1,1.0,1,0.0,-0.5
133,6,71,west,451,1,4.241951235269288,1,0.0,-0.5
133,7,71,west,487,1,11.03962179731278,1,0.0,-0.5
133,8,71,west,519,1,15.57848809685897,1,0.0,-0.5
134,0,71,east,235,5,168.83564019375382,0,5.169177976942958,5.169177976942958
134,1,71,east,268,5,159.7589714707783,0,0.0,0.0
134,2,71,east,293,5,164.18949816029107,0,18.198831178548215,18.198831178548215
134,3,71,east,317,5,147.18222099944322,0,2.9803801815477544,2.9803801815477544
135,0,54,east,120,7,3.4871051108946016,0,0.0,0.0
135,1,54,east,155,7,7.603077010945865,0,0.0,0.0
135,2,54,east,180,8,1.0,0,0.0,0.0
135,3,54,east,215,8,7.546695565981425,0,0.0,0.0
135,4,54,east,254,9,7.901514694480312,0,0.0,0.0
135,5,54,east,290,9,9.35893815267954,0,0.0,0.0
135,6,54,east,316,10,3.590871037753973,0,0.0,0.0
135,7,54,east,348,10,1.0,0,0.0,0.0
135,8,54,east,370,10,1.0,0,0.0,0.0
136,0,51,west,255,10,15.648041726029684,0,0.0,0.0
136,1,51,west,275,10,6.522410674553257,0,0.0,0.0
136,2,51,west,312,10,1.0,0,0.0,0.0
136,3,51,west,340,10,23.22840993151706,0,0.0,0.0
136,4,51,west,365,10,16.56472725171635,0,0.0,0.0
136,5,51,west,399,11,35.913195022584944,0,1.3081553085933406,1.3081553085933406
137,0,47,west,225,1,39.54659028932832,1,0.0,-0.5
137,1,47,west,260,1,45.04448332106841,1,0.0,-0.5
137,2,47,west,285,2,45.071348619464516,1,0.0,-0.5
137,3,47,west,322,2,47.56521943438148,1,0.0,-0.5
137,4,47,west,351,2,43.855942411807234,1,0.0,-0.5
137,5,47,west,378,2,49.41033418832555,1,0.0,-0.5
137,6,47,west,414,2,50.21166219748174,1,0.0,-0.5
138,0,26,south,136,0,65.16876659807468,1,0.0,-0.5
138,1,26,south,168,0,58.191286322241936,1,0.0,-0.5
138,2,26,south,195,0,61.1601325280669,1,0.0,-0.5
138,3,26,south,233,0,85.33845510971216,1,0.0,-0.5
138,4,26,south,264,0,83.044847918235,1,1.7415051462231166,1.2415051462231166
138,5,26,south,294,0,84.69874396796818,1,0.0,-0.5
138,6,26,south,331,0,85.21114418291415,1,0.0,-0.5
139,0,47,east,79,0,37.04684956210146,0,0.0,0.0
139,1,47,east,113,0,57.35764400046095,0,0.0,0.0
139,2,47,east,146,0,87.86519334769153,1,0.0,-0.5
139,3,47,east,180,0,90.83070946591147,1,0.0,-0.5
139,4,47,east,214,0,102.86424508723215,1,0.0,-0.5
139,5,47,east,240,0,105.9353403218597,1,0.0,-0.5
139,6,47,east,264,0,106.7194671280123,1,0.0,-0.5
140,0,34,east,303,1,142.5263534045443,1,0.0,-0.5
140,1,34,east,335,1,150.8386272039281,1,0.0,-0.5
140,2,34,east,369,2,162.27684787956974,1,0.0,-0.5
140,3,34,east,396,2,178.69535022815728,1,0.0,-0.5
140,4,34,east,435,2,182.03913183565297,1,0.0,-0.5
140,5,34,east,461,2,163.63510722755905,1,0.0,-0.5
140,6,34,east,484,2,153.92068147078356,1,0.0,-0.5
140,7,34,east,520,2,162.3232395215989,1,0.0,-0.5
141,0,32,south,111,1,46.96637283333064,0,0.0,0.0
141,1,32,south,137,1,66.76592318413716,1,0.0,-0.5
141,2,32,south,176,1,65.92450191735642,1,0.0,-0.5
141,3,32,south,208,1,57.41136919296487,1,0.0,-0.5
141,4,32,south,232,1,58.777211439766845,1,0.0,-0.5
141,5,32,south,256,1,68.9984352945267,1,0.0,-0.5
141,6,32,south,295,2,57.46334739234217,1,0.0,-0.5
141,7,32,south,325,2,75.3719032061029,1,0.0,-0.5
142,0,31,south,314,2,17.63642047647182,1,0.0,-0.5
142,1,31,south,342,3,19.947166190669908,0,0.0,0.0
142,2,31,south,373,3,13.21140123413415,0,0.0,0.0
142,3,31,south,402,3,7.754902449193321,0,0.0,0.0
142,4,31,south,426,3,14.817966082214777,0,9.812254924884398,9.812254924884398
142,5,31,south,465,3,1.0,0,0.0,0.0
142,6,31,south,503,3,7.436381466557661,0,0.0,0.0
142,7,31,south,542,3,11.824068658375218,0,0.0,0.0
142,8,31,south,567,3,10.309546623746476,0,0.0,0.0
143,0,66,south,301,0,121.24662525591441,1,0.0,-0.5
143,1,66,south,329,0,119.08831112984232,1,0.0,-0.5
143,2,66,south,352,0,127.13401038901448,1,0.0,-0.5
143,3,66,south,383,0,121.98670052618169,1,1.6702521050841475,1.1702521050841475
143,4,66,south,417,0,119.71985982933752,1,0.0,-0.5
143,5,66,south,449,0,108.17877044567597,1,0.0,-0.5
144,0,33,east,211,9,215.81193756506403,0,0.0,0.0
144,1,33,east,249,9,209.8487518127698,0,0.0,0.0
144,2,33,east,273,9,209.8868872412833,0,1.3746303280721137,1.3746303280721137
144,3,33,east,294,10,207.4386680333048,0,0.0,0.0
144,4,33,east,320,10,210.65384261119476,0,0.0,0.0
144,5,33,east,357,11,199.42288747333703,0,0.0,0.0
144,6,33,east,382,11,194.43992383808114,0,0.0,0.0
145,0,35,west,82,1,22.993076191644732,0,11.888522924338849,11.888522924338849
145,1,35,west,115,1,18.523461300389624,0,1.700847269050605,1.700847269050605
145,2,35,west,154,1,25.610009457838313,1,0.0,-0.5
145,3,35,west,192,1,26.270070232706825,1,0.0,-0.5
145,4,35,west,216,1,29.94559178962778,1,0.0,-0.5
146,0,67,east,96,3,63.543891799080825,0,0.0,0.0
146,1,67,east,127,3,69.9822258029814,0,0.0,0.0
146,2,67,east,153,3,76.30172217642722,0,30.247151127399537,30.247151127399537
146,3,67,east,188,3,100.26719984049377,0,0.0,0.0
146,4,67,east,222,3,98.9120795531724,0,21.74274985290458,21.74274985290458
147,0,45,north,78,9,61.30426284176268,0,11.612089056261242,11.612089056261242
147,1,45,north,101,9,64.35678608100656,0,88.95733258425058,88.95733258425058
147,2,45,north,131,9,57.25131240328725,0,211.08337447088135,211.08337447088135
147,3,45,north,161,9,55.91963348113389,0,46.41511181984998,46.41511181984998
148,0,54,east,385,3,22.02257871163944,0,0.0,0.0
148,1,54,east,410,3,25.318623506504508,0,55.47765355203556,55.47765355203556
148,2,54,east,433,3,15.696344960146192,0,0.0,0.0
148,3,54,east,457,3,4.808027565529077,0,0.0,0.0
148,4,54,east,490,3,4.819940780597773,0,0.0,0.0
148,5,54,east,515,3,1.0,0,0.0,0.0
148,6,54,east,543,3,12.087177273614268,0,52.654477445384934,52.654477445384934
148,7,54,east,576,3,11.762607331813488,0,0.0,0.0
149,0,21,west,67,5,5.918123284962345,0,0.0,0.0
149,1,21,west,87,5,1.0,0,0.0,0.0
149,2,21,west,112,5,1.0,0,0.0,0.0
149,3,21,west,133,5,1.0,0,0.0,0.0
149,4,21,west,153,5,15.787594988053208,0,18.06196274349292,18.06196274349292
149,5,21,west,179,5,38.5194948678352,0,0.0,0.0
149,6,21,west,199,5,46.57467827222164,0,0.0,0.0
149,7,21,west,226,5,39.879753059097084,0,0.0,0.0
150,0,22,north,328,1,115.95164104659524,1,0.0,-0.5
150,1,22,north,358,1,114.77650936210514,1,0.0,-0.5
150,2,22,north,389,1,118.49182923257206,1,2.218000327960107,1.718000327960107
150,3,22,north,418,1,105.20453852082241,1,0.0,-0.5
150,4,22,north,457,1,101.97064294542739,1,0.0,-0.5
151,0,67,south,254,1,31.47583302409253,1,0.0,-0.5
151,1,67,south,274,1,30.852176087285546,1,0.0,-0.5
151,2,67,south,313,1,34.13703029046321,1,0.0,-0.5
151,3,67,south,344,1,44.626408361722305,1,0.0,-0.5
151,4,67,south,375,1,47.37870194741129,1,0.0,-0.5
151,5,67,south,399,1,52.461231525225635,1,0.0,-0.5
151,6,67,south,425,1,39.24369341650893,1,0.0,-0.5
151,7,67,south,446,1,29.081953145194696,1,0.0,-0.5
152,0,34,west,344,9,40.01009165665948,0,0.0,0.0
152,1,34,west,377,10,36.804996521750255,0,0.0,0.0
152,2,34,west,408,10,25.62430825260118,0,0.0,0.0
152,3,34,west,436,10,31.807272229649577,0,0.0,0.0
152,4,34,west,469,10,28.61416121658743,0,0.0,0.0
152,5,34,west,489,10,22.98606748780708,0,0.0,0.0
153,0,39,east,232,9,35.67687893482841,0,0.0,0.0
153,1,39,east,256,9,42.84605106826272,0,0.0,0.0
153,2,39,east,285,9,52.07931391449647,0,0.0,0.0
153,3,39,east,305,9,44.11444723470531,0,0.0,0.0
153,4,39,east,334,9,61.236577150132725,0,0.0,0.0
154,0,23,east,251,0,65.06684269208722,1,2.710252267440666,2.210252267440666
154,1,23,east,284,0,69.15058350691731,1,0.0,-0.5
154,2,23,east,306,0,80.098102655712,1,0.0,-0.5
154,3,23,east,330,0,93.06692628063203,1,0.0,-0.5
154,4,23,east,363,0,91.18169411293215,1,0.0,-0.5
154,5,23,east,400,0,70.24070634247622,1,0.0,-0.5
154,6,23,east,436,0,74.06231915093753,1,0.0,-0.5
154,7,23,east,475,0,66.7309832214055,1,0.0,-0.5
155,0,41,west,158,6,19.911383309669887,0,0.0,0.0
155,1,41,west,193,6,11.013841600702484,0,0.0,0.0
155,2,41,west,215,6,2.2467456888886126,0,0.0,0.0
155,3,41,west,238,6,6.909140325877055,0,0.0,0.0
155,4,41,west,259,6,5.036416616479409,0,0.0,0.0
155,5,41,west,284,6,8.188622835978153,0,0.0,0.0
155,6,41,west,321,6,10.24543727131085,0,0.0,0.0
155,7,41,west,341,6,17.977938426095083,0,0.0,0.0
155,8,41,west,365,6,16.556273492596638,0,0.0,0.0
156,0,50,west,185,3,32.408192734198295,0,0.0,0.0
156,1,50,west,207,3,33.12280587510008,0,0.0,0.0
156,2,50,west,235,4,40.27023273329414,0,0.0,0.0
156,3,50,west,268,4,44.581804996278805,0,0.0,0.0
156,4,50,west,291,4,39.49190308994704,0,0.0,0.0
156,5,50,west,318,5,51.32367966422177,0,0.0,0.0
157,0,35,west,269,6,119.85722547192884,0,0.0,0.0
157,1,35,west,305,6,118.06281106605263,0,0.0,0.0
157,2,35,west,344,6,118.95024616756321,0,0.0,0.0
157,3,35,west,375,6,137.42373532086535,0,0.0,0.0
157,4,35,west,403,6,127.14951020795955,0,0.0,0.0
157,5,35,west,425,6,139.3694331309497,0,0.0,0.0
157,6,35,west,454,6,141.72004981540536,0,0.0,0.0
158,0,26,south,66,1,1.0,0,0.0,0.0
158,1,26,south,88,1,1.0,0,0.0,0.0
158,2,26,south,122,1,1.5832410334515963,1,0.0,-0.5
158,3,26,south,156,1,9.68591431752814,1,0.0,-0.5
159,0,23,south,32,5,1.0,0,0.9928806179082361,0.9928806179082361
159,1,23,south,57,5,1.0,0,3.8717783384252513,3.8717783384252513
159,2,23,south,92,5,1.0,0,0.3202986150421698,0.3202986150421698
159,3,23,south,128,5,1.0,0,0.0,0.0
160,0,61,south,128,4,36.77038374978993,0,0.0,0.0
160,1,61,south,149,5,21.027477154128324,0,0.0,0.0
160,2,61,south,183,5,4.618057437112029,0,0.0,0.0
160,3,61,south,205,5,2.6952815320305286,0,0.0,0.0
160,4,61,south,244,5,1.0,0,0.0,0.0
160,5,61,south,267,5,1.0,0,0.0,0.0
161,0,39,east,51,4,35.762768952707674,0,9.973323964098851,9.973323964098851
161,1,39,east,81,4,34.84223172457236,0,57.38651570289286,57.38651570289286
161,2,39,east,108,4,31.427684345876873,0,1.7652467235773674,1.7652467235773674
161,3,39,east,139,5,45.28876445775249,0,0.0,0.0
161,4,39,east,167,5,46.8899262855631,0,0.0,0.0
161,5,39,east,188,6,47.08619892960538,0,0.0,0.0
162,0,61,west,73,3,37.9681538857457,0,0.0,0.0
162,1,61,west,109,3,33.07597359087527,0,6.527269702244316,6.527269702244316
162,2,61,west,138,3,2.383299957601757,0,0.0,0.0
162,3,61,west,158,3,18.792667220108907,0,0.0,0.0
162,4,61,west,179,3,14.635460190471957,0,0.0,0.0
162,5,61,west,199,3,27.117780731863053,0,0.0,0.0
162,6,61,west,229,3,15.834246450362084,0,0.0,0.0
162,7,61,west,266,3,20.48073359941676,0,0.0,0.0
163,0,48,south,365,4,37.32912056308114,0,0.0,0.0
163,1,48,south,402,5,40.44807274368918,0,0.0,0.0
163,2,48,south,434,5,52.50635462449023,0,0.0,0.0
163,3,48,south,460,5,61.709008358339446,0,0.0,0.0
163,4,48,south,494,5,61.08625419302009,0,0.0,0.0
163,5,48,south,522,5,57.46799291064626,0,6.701437083940894,6.701437083940894
163,6,48,south,547,5,69.24082287968503,0,0.0,0.0
164,0,64,north,202,5,37.73634404111604,0,0.0,0.0
164,1,64,north,230,5,40.553389008465885,0,0.0,0.0
164,2,64,north,266,5,50.79988332312938,0,6.051925416858387,6.051925416858387
164,3,64,north,294,5,48.91581201952842,0,0.0,0.0
164,4,64,north,315,5,71.87502532422864,0,0.0,0.0
164,5,64,north,353,5,60.82871502353234,0,0.0,0.0
164,6,64,north,385,5,73.58873584471225,0,0.0,0.0
164,7,64,north,415,5,81.79638095789903,0,6.884202866143751,6.884202866143751
165,0,68,south,36,2,36.61753652756407,0,0.0,0.0
165,1,68,south,66,2,35.67079047150501,0,9.142848682021015,9.142848682021015
165,2,68,south,93,2,17.979605533268494,0,20.946335262255886,20.946335262255886
165,3,68,south,128,2,22.90946515107167,1,0.0,-0.5
166,0,31,west,139,3,99.82751369047332,0,19.464439369564822,19.464439369564822
166,1,31,west,161,3,104.16761013343925,0,0.0,0.0
166,2,31,west,195,3,99.65991257703517,0,0.0,0.0
166,3,31,west,225,3,119.51070289287412,0,1.977871885937299,1.977871885937299
166,4,31,west,264,3,114.91839667522504,0,0.0,0.0
166,5,31,west,296,3,112.0734063067304,0,0.0,0.0
166,6,31,west,333,3,125.61007610703216,0,0.0,0.0
166,7,31,west,361,3,141.04553946945518,0,11.831952710396607,11.831952710396607
166,8,31,west,398,3,140.80848092982635,0,14.25931679250564,14.25931679250564
167,0,38,south,313,0,30.824160441475552,1,0.0,-0.5
167,1,38,south,334,0,46.71926419361262,1,0.0,-0.5
167,2,38,south,354,0,38.762830691137296,1,0.0,-0.5
167,3,38,south,389,0,32.91257856370953,1,0.0,-0.5
167,4,38,south,414,0,46.7833021651859,1,0.0,-0.5
167,5,38,south,449,0,43.86645776042885,1,0.0,-0.5
167,6,38,south,487,0,33.597787645732055,1,0.0,-0.5
167,7,38,south,511,0,22.887490009998388,1,0.0,-0.5
167,8,38,south,537,0,23.921596786345983,1,0.0,-0.5
168,0,53,south,201,0,47.74093108249423,1,6.565562522216276,6.065562522216276
168,1,53,south,222,0,34.01575061317659,1,0.0,-0.5
168,2,53,south,248,0,23.300682488734136,1,1.5704855189618847,1.0704855189618847
168,3,53,south,268,0,26.513365410527534,1,0.5972427656825138,0.09724276568251378
168,4,53,south,303,0,17.845619634694426,1,0.0,-0.5
168,5,53,south,328,0,14.59374383593513,1,0.0,-0.5
168,6,53,south,354,0,16.10611387581373,1,44.56903286750966,44.06903286750966
169,0,28,east,339,3,24.203709690311094,0,0.0,0.0
169,1,28,east,378,3,19.9148671366614,0,0.0,0.0
169,2,28,east,400,3,13.603406263176602,0,0.0,0.0
169,3,28,east,435,3,1.0,0,2.103633043338017,2.103633043338017
169,4,28,east,458,3,9.076838889589341,0,0.0,0.0
170,0,48,south,201,1,105.47840861947645,1,0.0,-0.5
170,1,48,south,233,1,102.80019035223752,1,0.0,-0.5
170,2,48,south,259,1,107.15542238278115,1,0.0,-0.5
170,3,48,south,285,1,105.29580636631165,1,0.0,-0.5
170,4,48,south,324,1,111.92239569448981,1,0.33795060670972343,-0.16204939329027657
171,0,43,south,332,0,108.18716815504777,1,0.0,-0.5
171,1,43,south,369,0,113.0679605926073,1,1.4713812034054472,0.9713812034054472
171,2,43,south,397,0,130.71610809742776,1,0.0,-0.5
171,3,43,south,427,0,132.87523996983302,1,18.70271381045412,18.20271381045412
172,0,23,south,81,9,67.84404231720994,0,59.41331498178188,59.41331498178188
172,1,23,south,120,10,57.863167134418376,0,16.840872640384664,16.840872640384664
172,2,23,south,152,10,57.85700990765176,0,29.569189725934244,29.569189725934244
172,3,23,south,190,10,71.47609791138115,0,27.3212921829904,27.3212921829904
172,4,23,south,225,10,80.80242976984401,0,88.68789085068013,88.68789085068013
172,5,23,south,258,10,83.67403917754027,0,0.0,0.0
172,6,23,south,288,10,98.71866103347719,0,2.396756914766095,2.396756914766095
172,7,23,south,311,10,82.17984988941122,0,0.0,0.0
173,0,34,east,209,4,13.711643493568145,0,0.0,0.0
173,1,34,east,248,4,17.545678730539493,0,0.0,0.0
173,2,34,east,276,4,9.330440275013691,0,0.0,0.0
173,3,34,east,315,4,13.36471313795395,0,0.0,0.0
173,4,34,east,351,4,18.31750228501982,0,0.0,0.0
173,5,34,east,380,4,21.234104627270497,0,0.0,0.0
173,6,34,east,402,4,21.57147567926002,0,0.0,0.0
173,7,34,east,429,4,36.69274476672629,0,0.0,0.0
174,0,72,east,338,3,1.0,0,0.5683104736945143,0.5683104736945143
174,1,72,east,363,3,4.835225541999051,0,0.0,0.0
174,2,72,east,396,4,1.0,0,0.0,0.0
174,3,72,east,427,4,1.0,0,0.0,0.0
174,4,72,east,460,4,7.053376895190268,0,0.0,0.0
174,5,72,east,497,4,16.502558031836823,0,7.105785267188581,7.105785267188581
174,6,72,east,531,4,19.865170175624392,0,0.0,0.0
174,7,72,east,565,4,25.44834839274122,0,0.0,0.0
175,0,20,west,372,2,85.30275949360872,1,0.0,-0.5
175,1,20,west,409,2,86.85236335825404,1,0.0,-0.5
175,2,20,west,437,2,97.42519398851219,1,0.0,-0.5
175,3,20,west,472,2,100.93619094228859,1,0.0,-0.5
175,4,20,west,498,2,90.72222792168775,1,0.0,-0.5
175,5,20,west,532,2,100.22546256938584,1,0.0,-0.5
175,6,20,west,556,2,85.01386406346002,1,0.0,-0.5
175,7,20,west,576,2,79.8532092555826,1,1.6214688119551826,1.1214688119551826
175,8,20,west,599,2,84.4532348913671,1,0.0,-0.5
176,0,40,east,337,8,8.462044240813299,0,0.0,0.0
176,1,40,east,376,8,18.045694442565285,0,0.0,0.0
176,2,40,east,401,8,2.5857453620758086,0,0.0,0.0
176,3,40,east,424,9,1.0,0,0.0,0.0
176,4,40,east,452,9,1.0,0,0.0,0.0
176,5,40,east,474,9,1.0,0,0.0,0.0
176,6,40,east,510,9,1.0,0,0.0,0.0
176,7,40,east,532,9,9.12258989070333,0,0.0,0.0
177,0,67,north,321,9,16.047386399834217,0,0.0,0.0
177,1,67,north,356,9,5.328996032336153,0,0.0,0.0
177,2,67,north,380,9,19.64310957528035,0,0.0,0.0
177,3,67,north,406,9,1.0,0,0.0,0.0
177,4,67,north,442,9,1.0,0,0.0,0.0
177,5,67,north,462,9,6.9848398637241385,0,0.0,0.0
178,0,49,west,285,9,29.220763377466767,0,18.964621527909145,18.964621527909145
178,1,49,west,313,9,41.135050289895744,0,7.6454969946105305,7.6454969946105305
178,2,49,west,348,9,30.2168261388933,0,15.34946004905171,15.34946004905171
178,3,49,west,375,9,30.1705146335375,0,7.9020186546294315,7.9020186546294315
178,4,49,west,410,9,25.42662969964899,0,0.0,0.0
178,5,49,west,442,9,45.48773255650091,0,51.91416007938699,51.91416007938699
178,6,49,west,478,9,40.239606567160685,0,0.0,0.0
178,7,49,west,511,9,45.00145510438037,0,4.9546725658780915,4.9546725658780915
179,0,46,west,34,7,3.4327792522589378,0,0.0,0.0
179,1,46,west,72,7,6.7985015002687526,0,0.0,0.0
179,2,46,west,106,8,8.561697973420289,0,0.0,0.0
179,3,46,west,127,8,9.386183285900183,0,0.0,0.0
179,4,46,west,149,9,1.0,0,0.0,0.0
180,0,67,west,217,8,22.103726009732405,0,0.0,0.0
180,1,67,west,247,8,32.506955487572334,0,0.0,0.0
180,2,67,west,275,9,38.25715478305924,0,0.0,0.0
180,3,67,west,302,9,40.26798497701476,0,0.0,0.0
180,4,67,west,327,9,48.20980956813275,0,0.0,0.0
180,5,67,west,366,9,41.28177820427227,0,0.0,0.0
181,0,29,south,310,4,15.120308868974202,0,0.0,0.0
181,1,29,south,338,4,15.692444017044254,0,0.0,0.0
181,2,29,south,373,4,19.539678282846612,0,0.0,0.0
181,3,29,south,405,4,26.297158942434237,0,4.0310551662975165,4.0310551662975165
181,4,29,south,430,4,18.876360157612822,0,0.0,0.0
182,0,33,south,107,6,58.317301836709994,0,26.34601674729608,26.34601674729608
182,1,33,south,128,6,80.64571876438366,0,0.0,0.0
182,2,33,south,151,6,73.99264011681947,0,0.0,0.0
182,3,33,south,180,7,89.99074867488478,0,0.0,0.0
182,4,33,south,207,7,89.18121862897783,0,0.0,0.0
182,5,33,south,242,7,102.55401837570014,0,8.975697918345217,8.975697918345217
182,6,33,south,267,7,106.18206209815425,0,0.0,0.0
183,0,57,north,338,5,46.251300932451215,0,0.0,0.0
183,1,57,north,372,5,44.88271986384302,0,0.0,0.0
183,2,57,north,409,5,36.46195410579777,0,0.0,0.0
183,3,57,north,438,5,30.07012274594954,0,0.0,0.0
183,4,57,north,462,5,31.751247266756977,0,0.0,0.0
183,5,57,north,484,5,31.104344595980315,0,0.0,0.0
183,6,57,north,513,5,44.04792197077952,0,0.0,0.0
183,7,57,north,542,6,52.60983340488427,0,0.0,0.0
184,0,71,west,282,7,34.34260545213807,0,0.0,0.0
184,1,71,west,309,8,24.125060747982786,0,27.636357702208624,27.636357702208624
184,2,71,west,348,8,13.247873874970699,0,0.0,0.0
184,3,71,west,379,8,16.432215172288892,0,0.0,0.0
184,4,71,west,409,8,1.9304547673465997,0,0.0,0.0
185,0,68,south,218,0,189.70025603578534,1,0.0,-0.5
185,1,68,south,245,0,203.47481324971312,1,0.0,-0.5
185,2,68,south,272,0,206.75943806950164,1,0.0,-0.5
185,3,68,south,292,0,217.1417402110907,1,0.0,-0.5
185,4,68,south,323,0,239.1040061117836,1,0.0,-0.5
186,0,42,south,56,8,58.9538935204432,0,25.88873317434806,25.88873317434806
186,1,42,south,78,8,64.6551904038938,0,31.776076167207336,31.776076167207336
186,2,42,south,112,8,64.40933456217576,0,12.597453415252154,12.597453415252154
186,3,42,south,138,8,78.26193539478533,0,42.052803410256956,42.052803410256956
187,0,39,north,197,5,1.0,0,0.0,0.0
187,1,39,north,235,6,6.506198204535238,0,0.0,0.0
187,2,39,north,260,6,5.85242362439904,0,0.0,0.0
187,3,39,north,297,6,15.364106659889313,0,0.0,0.0
188,0,45,north,218,5,1.0,0,0.0,0.0
188,1,45,north,249,5,13.182003322120847,0,0.0,0.0
188,2,45,north,285,5,10.627666152504494,0,0.0,0.0
188,3,45,north,319,5,12.231905383706971,0,0.0,0.0
189,0,67,north,200,0,34.74018815611741,1,0.0,-0.5
189,1,67,north,223,0,53.866511437864695,1,0.0,-0.5
189,2,67,north,254,0,46.62712341977555,1,0.0,-0.5
189,3,67,north,290,0,32.278514492453404,1,0.0,-0.5
189,4,67,north,315,0,22.565840443613663,1,0.0,-0.5
189,5,67,north,353,0,11.986448469240882,1,0.0,-0.5
189,6,67,north,384,0,1.0,1,33.265846216718145,32.765846216718145
189,7,67,north,407,0,7.834857745430724,1,0.0,-0.5
190,0,61,west,395,3,1.0,0,0.0,0.0
190,1,61,west,433,3,1.0,0,0.0,0.0
190,2,61,west,469,3,1.0,0,0.0,0.0
190,3,61,west,496,3,1.0,0,3.580611095445263,3.580611095445263
190,4,61,west,534,3,1.0,0,0.0,0.0
191,0,28,south,296,3,89.24343716246726,0,0.0,0.0
191,1,28,south,330,4,94.4043104350918,0,1.551352710755082,1.551352710755082
191,2,28,south,352,4,93.43945891394677,0,0.0,0.0
191,3,28,south,384,4,95.78775649976563,0,0.0,0.0
191,4,28,south,408,4,93.58512766653817,0,0.0,0.0
191,5,28,south,433,4,85.83829918382536,0,0.0,0.0
191,6,28,south,467,4,70.63610056780682,0,0.0,0.0
191,7,28,south,492,4,39.550443546400736,0,0.0,0.0
192,0,65,north,314,9,90.15832864582457,0,8.800901584636913,8.800901584636913
192,1,65,north,339,9,74.64111606709669,0,0.0,0.0
192,2,65,north,366,9,55.15030520902453,0,0.0,0.0
192,3,65,north,386,9,63.47346743678815,0,0.0,0.0
192,4,65,north,416,9,56.22889224558508,0,0.0,0.0
192,5,65,north,453,9,49.38423781341368,0,2.3852582447565376,2.3852582447565376
192,6,65,north,480,10,51.30583657785732,0,0.0,0.0
192,7,65,north,502,10,73.71643353303071,0,3.824726056452601,3.824726056452601
193,0,19,south,179,3,39.00413387802729,0,0.0,0.0
193,1,19,south,203,4,42.33383764938016,0,0.0,0.0
193,2,19,south,234,4,46.084382461909705,0,0.0,0.0
193,3,19,south,265,4,47.27332109474768,0,0.0,0.0
193,4,19,south,301,4,62.186020433325524,0,0.0,0.0
194,0,43,east,311,4,43.69851419765733,0,0.0,0.0
194,1,43,east,347,4,31.773316011520198,0,0.0,0.0
194,2,43,east,385,4,21.32091784689315,0,0.0,0.0
194,3,43,east,405,4,16.37013199547714,0,0.8371179540274984,0.8371179540274984
194,4,43,east,438,4,33.61649840065104,0,3.33200860126645,3.33200860126645
194,5,43,east,463,5,23.935524181987407,0,0.0,0.0
194,6,43,east,497,5,15.019298797406243,0,0.0,0.0
194,7,43,east,533,5,16.89342243411133,0,0.0,0.0
195,0,46,east,254,9,52.7008908631075,0,0.0,0.0
195,1,46,east,291,9,38.457548463581034,0,0.0,0.0
195,2,46,east,318,9,46.66301482199385,0,0.0,0.0
195,3,46,east,357,9,45.830811728112366,0,0.0,0.0
195,4,46,east,378,9,53.82247546902281,0,0.0,0.0
195,5,46,east,405,9,60.29685198541227,0,0.0,0.0
196,0,30,north,267,3,37.272854038094124,0,5.622198889613862,5.622198889613862
196,1,30,north,301,3,42.16595269216036,0,0.0,0.0
196,2,30,north,321,4,45.4900644645776,0,0.0,0.0
196,3,30,north,352,4,49.46570079296515,0,0.0,0.0
196,4,30,north,374,4,51.76165060930998,0,0.0,0.0
196,5,30,north,403,4,59.682861840450975,0,0.0,0.0
197,0,21,north,139,0,3.4593917544178625,1,0.0,-0.5
197,1,21,north,168,0,9.186983114028239,1,0.0,-0.5
197,2,21,north,204,0,5.346093011806196,1,0.0,-0.5
197,3,21,north,243,0,8.831783274991619,1,0.0,-0.5
197,4,21,north,276,0,1.0,1,0.0,-0.5
197,5,21,north,297,0,13.15320906398603,1,0.0,-0.5
197,6,21,north,319,1,1.0,1,0.0,-0.5
198,0,56,south,23,8,123.97162881918096,0,17.668106890942024,17.668106890942024
198,1,56,south,56,8,126.10892945879684,0,0.0,0.0
198,2,56,south,94,8,129.5377492333791,0,0.0,0.0
198,3,56,south,130,9,122.56520983335321,0,0.0,0.0
198,4,56,south,166,9,118.29406401903772,0,0.0,0.0
199,0,67,east,131,0,39.91292134775733,1,0.0,-0.5
199,1,67,east,162,0,41.253222552572176,1,0.0,-0.5
199,2,67,east,195,0,65.00994920895086,1,0.0,-0.5
199,3,67,east,228,0,63.16876480626807,1,0.0,-0.5
199,4,67,east,260,0,60.79921843610907,1,0.0,-0.5
199,5,67,east,289,0,46.00775867082781,1,0.0,-0.5
199,6,67,east,313,0,32.70080073139785,1,0.0,-0.5
199,7,67,east,341,0,18.720014463216106,1,0.0,-0.5
199,8,67,east,366,0,22.444563642046656,1,0.7579504645820481,0.25795046458204807
200,0,53,west,164,9,36.83391777937807,0,0.0,0.0
200,1,53,west,199,9,53.9078967350505,0,0.0,0.0
200,2,53,west,227,9,49.11183979692216,0,0.0,0.0
200,3,53,west,251,9,38.654357315413286,0,0.0,0.0
200,4,53,west,282,9,51.04885919641012,0,4.095636643586113,4.095636643586113
200,5,53,west,313,9,42.09661103554819,0,0.0,0.0
200,6,53,west,347,9,34.15193458984383,0,0.0,0.0
201,0,53,north,69,2,26.415380699711974,0,24.317199681732195,24.317199681732195
201,1,53,north,94,2,29.94297109165293,0,18.046988158574845,18.046988158574845
201,2,53,north,130,2,36.872437440986204,1,0.0,-0.5
201,3,53,north,163,2,41.803451468134966,1,0.0,-0.5
201,4,53,north,200,2,19.843803129400158,1,37.04830818667665,36.54830818667665
201,5,53,north,235,2,1.0,1,40.962541204869176,40.462541204869176
201,6,53,north,266,2,16.686093085649805,1,46.66503422752144,46.16503422752144
201,7,53,north,300,2,18.939061308128164,1,0.0,-0.5
201,8,53,north,337,3,31.99827595640963,0,5.164451579026174,5.164451579026174
202,0,50,south,134,0,29.790912768592033,1,0.0,-0.5
202,1,50,south,158,0,42.820214339679595,1,10.659473018094179,10.159473018094179
202,2,50,south,195,0,32.32479612801046,1,0.0,-0.5
202,3,50,south,233,0,41.93088611093174,1,0.0,-0.5
202,4,50,south,272,0,47.98017361658558,1,0.0,-0.5
202,5,50,south,295,0,27.515000135934805,1,0.0,-0.5
202,6,50,south,333,0,15.072709927761588,1,0.0,-0.5
203,0,48,south,76,7,67.7029066255269,0,39.45553347881258,39.45553347881258
203,1,48,south,108,7,75.82827891496626,0,0.6068695925496718,0.6068695925496718
203,2,48,south,139,7,90.7204995361131,0,7.770165470591419,7.770165470591419
203,3,48,south,161,7,112.99415294161824,0,8.12330259105915,8.12330259105915
203,4,48,south,182,7,112.99767218315603,0,4.652970036534029,4.652970036534029
203,5,48,south,214,7,104.381277258963,0,0.0,0.0
203,6,48,south,240,7,119.22084326135939,0,0.0,0.0
203,7,48,south,267,7,116.67512734107895,0,0.0,0.0
203,8,48,south,299,7,100.74636388681577,0,0.0,0.0
204,0,54,west,244,8,60.77123250177682,0,0.0,0.0
204,1,54,west,269,8,68.12499902134101,0,0.0,0.0
204,2,54,west,301,8,79.53526743479067,0,0.0,0.0
204,3,54,west,326,8,96.41104380978075,0,0.0,0.0
204,4,54,west,353,8,92.12367436228602,0,0.0,0.0
204,5,54,west,387,9,99.72646493355738,0,0.0,0.0
205,0,49,east,321,6,1.0,0,0.0,0.0
205,1,49,east,356,6,6.811681405749722,0,6.913175778589423,6.913175778589423
205,2,49,east,382,6,32.426716406202345,0,0.0,0.0
205,3,49,east,409,6,37.34961648826092,0,0.0,0.0
205,4,49,east,440,6,41.34403923519725,0,0.0,0.0
205,5,49,east,460,6,42.55529941567729,0,0.0,0.0
206,0,24,north,330,1,16.24017761145278,1,0.0,-0.5
206,1,24,north,351,1,8.313869021995632,1,0.0,-0.5
206,2,24,north,378,1,18.685794530985348,1,0.0,-0.5
206,3,24,north,398,1,20.924935057305365,1,0.0,-0.5
206,4,24,north,418,1,2.9657362806201633,1,0.0,-0.5
206,5,24,north,449,1,1.0,1,0.0,-0.5
207,0,57,south,259,7,4.939949456813382,0,0.0,0.0
207,1,57,south,292,7,4.637328631564413,0,2.017118536610491,2.017118536610491
207,2,57,south,328,7,20.788120689181717,0,0.0,0.0
207,3,57,south,348,7,17.227336928958678,0,0.0,0.0
208,0,45,west,285,9,23.980430411540116,0,24.018519908608447,24.018519908608447
208,1,45,west,307,9,20.215436794153504,0,0.0,0.0
208,2,45,west,329,9,9.425142712195033,0,0.0,0.0
208,3,45,west,349,9,1.0,0,0.0,0.0
208,4,45,west,381,9,14.38158248143312,0,70.04436072172712,70.04436072172712
208,5,45,west,419,9,1.0,0,0.0,0.0
208,6,45,west,447,9,1.0,0,2.2225417275032644,2.2225417275032644
208,7,45,west,476,9,1.0,0,0.0,0.0
208,8,45,west,506,9,11.122377437846207,0,0.0,0.0
209,0,35,east,382,6,17.21897241513605,0,0.0,0.0
209,1,35,east,419,6,16.443656339600516,0,0.0,0.0
209,2,35,east,442,6,21.33918696019288,0,0.0,0.0
209,3,35,east,470,6,33.73400675199602,0,0.0,0.0
209,4,35,east,490,6,31.433365005835082,0,0.0,0.0
209,5,35,east,514,6,25.31322037286155,0,0.0,0.0
209,6,35,east,541,6,31.257095195626842,0,20.684294830564173,20.684294830564173
209,7,35,east,574,6,27.150895395311007,0,0.0,0.0
209,8,35,east,597,6,30.802261015259507,0,0.0,0.0
210,0,59,west,377,4,108.48420698294902,0,0.0,0.0
210,1,59,west,415,4,91.83129502867382,0,0.0,0.0
210,2,59,west,454,4,85.34499063971705,0,0.0,0.0
210,3,59,west,482,4,92.12741983028748,0,0.0,0.0
210,4,59,west,515,4,76.1614532693862,0,0.0,0.0
210,5,59,west,543,4,67.20134606783219,0,0.0,0.0
210,6,59,west,569,4,73.13039988121601,0,0.0,0.0
211,0,23,south,247,5,81.29687463156675,0,22.178007463365233,22.178007463365233
211,1,23,south,286,5,77.68472054140123,0,0.0,0.0
211,2,23,south,323,5,83.94073490601082,0,0.0,0.0
211,3,23,south,362,5,66.68284700803716,0,0.0,0.0
211,4,23,south,393,5,63.32957267853429,0,0.0,0.0
211,5,23,south,415,5,63.990452433863545,0,0.0,0.0
211,6,23,south,453,5,75.18920659202418,0,0.0,0.0
211,7,23,south,483,5,73.92875171883861,0,10.292054890642406,10.292054890642406
212,0,34,south,150,3,1.0,0,8.771772243422275,8.771772243422275
212,1,34,south,187,3,1.0,0,5.948954163985969,5.948954163985969
212,2,34,south,216,3,12.854543918670322,0,0.0,0.0
212,3,34,south,239,3,14.491878386498733,0,0.0,0.0
212,4,34,south,278,3,8.09584235030633,0,0.0,0.0
212,5,34,south,314,3,1.0,0,0.0,0.0
212,6,34,south,345,3,3.0384915221955415,0,0.0,0.0
212,7,34,south,373,3,1.0,0,0.0,0.0
213,0,59,north,232,3,10.735499730604312,0,4.134855078354355,4.134855078354355
213,1,59,north,252,3,30.68805217257617,0,0.0,0.0
213,2,59,north,289,3,28.419737122302376,0,38.45722714350501,38.45722714350501
213,3,59,north,319,3,35.526948941162225,0,0.0,0.0
213,4,59,north,348,3,23.907043034075496,0,0.0,0.0
214,0,31,north,275,6,42.812860683924725,0,16.80797307977303,16.80797307977303
214,1,31,north,313,6,49.26019675127083,0,0.0,0.0
214,2,31,north,339,6,66.38230207710882,0,19.536844323898787,19.536844323898787
214,3,31,north,367,6,59.98997885488282,0,0.0,0.0
214,4,31,north,394,7,57.929732777817954,0,10.888448956791327,10.888448956791327
214,5,31,north,428,7,74.76420497480987,0,0.0,0.0
215,0,31,north,105,3,36.87537077501051,0,1.0070364433515269,1.0070364433515269
215,1,31,north,141,3,38.9624790378629,0,0.0,0.0
215,2,31,north,176,3,41.19555559744458,0,0.0,0.0
215,3,31,north,199,3,31.427432082049926,0,0.0,0.0
215,4,31,north,228,3,32.574236014626486,0,0.0,0.0
215,5,31,north,266,3,19.487331974325553,0,0.0,0.0
215,6,31,north,300,3,28.98489318343546,0,0.0,0.0
215,7,31,north,331,3,65.22557606744924,0,0.0,0.0
216,0,57,north,107,9,73.96409323912857,0,0.0,0.0
216,1,57,north,146,9,68.26834982741391,0,0.0,0.0
216,2,57,north,180,9,63.08477014028481,0,0.0,0.0
216,3,57,north,219,9,64.06922232078188,0,0.0,0.0
216,4,57,north,242,9,47.614108752414595,0,0.0,0.0
216,5,57,north,281,9,51.78933988692393,0,0.0,0.0
216,6,57,north,312,9,39.65528866191323,0,0.0,0.0
216,7,57,north,342,9,43.72373125825364,0,0.0,0.0
217,0,42,south,89,4,23.137922609258382,0,0.0,0.0
217,1,42,south,125,4,21.245030232434967,0,2.3233741771811216,2.3233741771811216
217,2,42,south,151,4,15.70980877503105,0,0.0,0.0
217,3,42,south,173,4,12.35683658969208,0,0.0,0.0
217,4,42,south,201,4,25.692598501905735,0,0.0,0.0
217,5,42,south,225,4,36.57260257520055,0,0.0,0.0
217,6,42,south,245,4,31.474849956863277,0,0.0,0.0
218,0,56,north,46,7,3.300953983084872,0,109.59807410163747,109.59807410163747
218,1,56,north,74,7,1.0,0,10.303931996629979,10.303931996629979
218,2,56,north,98,7,7.14567346015772,0,11.437696195682115,11.437696195682115
218,3,56,north,118,7,1.0,0,45.03078396556985,45.03078396556985
219,0,42,east,385,0,107.71003260893644,1,0.0,-0.5
219,1,42,east,411,0,100.87571936826353,1,0.0,-0.5
219,2,42,east,441,1,104.6006569813181,1,0.0,-0.5
219,3,42,east,475,2,107.7635015285785,1,0.0,-0.5
220,0,54,west,161,6,6.569051163966199,0,0.0,0.0
220,1,54,west,187,6,1.0,0,3.565892510080601,3.565892510080601
220,2,54,west,216,7,12.102689192290969,0,0.0,0.0
220,3,54,west,244,7,33.11063213786437,0,0.0,0.0
220,4,54,west,267,7,30.73382001044798,0,0.0,0.0
221,0,34,south,112,1,20.987117841417696,0,5.235620695342475,5.235620695342475
221,1,34,south,138,1,29.597390318992293,1,1.6189523374225487,1.1189523374225487
221,2,34,south,162,1,34.53668966013456,1,0.0,-0.5
221,3,34,south,190,1,23.234384836689486,1,0.0,-0.5
222,0,66,north,44,8,37.77725232149245,0,0.0,0.0
222,1,66,north,74,8,25.733982782275046,0,0.0,0.0
222,2,66,north,107,8,20.73241585244758,0,0.0,0.0
222,3,66,north,134,8,23.571482503454565,0,0.0,0.0
222,4,66,north,157,8,22.274070968658176,0,0.0,0.0
222,5,66,north,196,8,29.48097525398444,0,0.0,0.0
222,6,66,north,230,8,48.761615155194406,0,0.0,0.0
222,7,66,north,269,8,52.45150823367862,0,0.0,0.0
222,8,66,north,290,9,56.35496914822265,0,0.0,0.0
223,0,44,west,204,1,56.70085238925481,1,0.0,-0.5
223,1,44,west,242,2,47.84675518290744,1,0.0,-0.5
223,2,44,west,277,2,55.53874730406288,1,0.0,-0.5
223,3,44,west,304,2,58.406178443940675,1,0.0,-0.5
223,4,44,west,336,2,46.31093634395508,1,0.0,-0.5
223,5,44,west,360,3,55.121849261999955,0,0.0,0.0
223,6,44,west,399,3,79.15947296016508,0,0.0,0.0
223,7,44,west,436,3,95.82344696325808,0,0.0,0.0
223,8,44,west,473,3,98.86179642289451,0,0.0,0.0
224,0,47,west,117,2,1.0,0,11.095014868227356,11.095014868227356
224,1,47,west,151,2,1.0,1,23.20481923268829,22.70481923268829
224,2,47,west,179,2,1.0,1,0.0,-0.5
224,3,47,west,214,2,4.687785281529082,1,0.0,-0.5
224,4,47,west,241,2,1.0,1,0.0,-0.5
224,5,47,west,267,3,4.538547909540256,0,9.525864871216593,9.525864871216593
224,6,47,west,298,3,1.0,0,1.2438192501821,1.2438192501821
224,7,47,west,325,3,10.079507563843443,0,0.0,0.0
225,0,38,south,69,6,9.254116501405084,0,6.074730923273741,6.074730923273741
225,1,38,south,96,6,1.0,0,7.6718880596556795,7.6718880596556795
225,2,38,south,134,6,1.0,0,0.0,0.0
225,3,38,south,169,6,7.67486161183458,0,0.0,0.0
225,4,38,south,193,6,9.711439099943634,0,0.0,0.0
225,5,38,south,227,6,9.07090651844681,0,11.189743158351552,11.189743158351552
225,6,38,south,249,6,13.326366654620802,0,0.0,0.0
225,7,38,south,287,6,2.720764385082914,0,0.0,0.0
226,0,59,north,235,9,138.14835886528334,0,0.0,0.0
226,1,59,north,261,9,143.48658226328922,0,0.0,0.0
226,2,59,north,293,9,168.90945773679903,0,0.0,0.0
226,3,59,north,331,9,175.32626757337857,0,0.0,0.0
226,4,59,north,361,9,163.52493222706445,0,0.0,0.0
226,5,59,north,395,9,158.69906298301396,0,0.0,0.0
227,0,71,north,277,6,17.889549452914494,0,0.9464063460132593,0.9464063460132593
227,1,71,north,300,6,14.007859366006953,0,0.0,0.0
227,2,71,north,325,6,12.587253148926369,0,0.0,0.0
227,3,71,north,364,6,4.080567279442834,0,0.0,0.0
227,4,71,north,398,6,1.0,0,0.0,0.0
227,5,71,north,426,6,8.440032457158296,0,0.0,0.0
227,6,71,north,446,7,1.0,0,0.0,0.0
227,7,71,north,475,7,1.0,0,0.0,0.0
228,0,27,south,110,1,8.508007235039342,0,7.404796384935091,7.404796384935091
228,1,27,south,134,1,12.66055456344686,1,0.0,-0.5
228,2,27,south,161,1,1.3258835709739323,1,1.8912264514182862,1.3912264514182862
228,3,27,south,185,1,1.5240017031769781,1,0.0,-0.5
228,4,27,south,223,1,1.0,1,0.0,-0.5
228,5,27,south,261,1,13.521903211219028,1,3.512156116203654,3.012156116203654
228,6,27,south,289,1,13.966129990937869,1,0.0,-0.5
228,7,27,south,322,1,15.661283377053783,1,0.0,-0.5
228,8,27,south,353,1,30.625852889224507,1,0.0,-0.5
229,0,44,south,281,8,65.44626099573318,0,19.998899621343433,19.998899621343433
229,1,44,south,314,8,73.73649476856784,0,73.82773896236574,73.82773896236574
229,2,44,south,335,9,64.46364563245452,0,0.0,0.0
229,3,44,south,364,9,50.18588343367371,0,0.0,0.0
229,4,44,south,392,9,48.629457065939995,0,0.0,0.0
229,5,44,south,415,9,52.980887121169275,0,7.320826621700695,7.320826621700695
229,6,44,south,452,9,59.73756021751692,0,0.0,0.0
230,0,33,east,293,7,49.27947844153054,0,0.0,0.0
230,1,33,east,330,8,51.112088827564484,0,0.0,0.0
230,2,33,east,369,9,49.48553292421718,0,0.0,0.0
230,3,33,east,389,9,32.626228646032885,0,0.0,0.0
230,4,33,east,425,10,29.739763127411496,0,0.0,0.0
231,0,49,north,334,4,1.0,0,0.0,0.0
231,1,49,north,360,4,1.0,0,0.0,0.0
231,2,49,north,384,4,13.148342770361376,0,0.0,0.0
231,3,49,north,404,4,18.750191924727787,0,0.0,0.0
231,4,49,north,426,4,32.79586992246395,0,0.0,0.0
231,5,49,north,448,4,50.80369469484306,0,0.0,0.0
231,6,49,north,487,4,61.043116949225464,0,0.0,0.0
231,7,49,north,515,4,58.391393693371555,0,0.0,0.0
232,0,35,east,279,0,17.421556773644916,1,0.0,-0.5
232,1,35,east,305,0,17.19119095223068,1,0.0,-0.5
232,2,35,east,341,0,2.063973099335538,1,0.0,-0.5
232,3,35,east,367,0,1.0,1,0.0,-0.5
232,4,35,east,393,0,1.0,1,0.0,-0.5
232,5,35,east,427,0,17.509525221099985,1,0.0,-0.5
232,6,35,east,452,0,4.195579262808467,1,11.73261860907859,11.23261860907859
233,0,31,east,83,4,21.124921757378015,0,0.7639831230655537,0.7639831230655537
233,1,31,east,110,4,27.180383871744,0,0.16477762648873373,0.16477762648873373
233,2,31,east,142,4,28.96115576480286,0,0.0,0.0
233,3,31,east,178,4,23.055475643131693,0,0.0,0.0
233,4,31,east,202,4,18.115974656983514,0,0.0,0.0
233,5,31,east,239,4,16.924235559104147,0,0.0,0.0
233,6,31,east,272,4,34.746786854864986,0,0.0,0.0
234,0,24,north,360,3,54.18089586465998,0,0.0,0.0
234,1,24,north,383,3,50.48267836283455,0,0.0,0.0
234,2,24,north,420,3,60.610721359673946,0,0.0,0.0
234,3,24,north,447,3,66.04967372976238,0,48.13321258616719,48.13321258616719
235,0,29,east,83,9,5.594184627410365,0,0.0,0.0
235,1,29,east,103,9,8.834210996087231,0,0.0,0.0
235,2,29,east,137,9,4.368135531661173,0,0.0,0.0
235,3,29,east,168,9,9.235776900351475,0,0.0,0.0
235,4,29,east,201,10,1.0,0,0.0,0.0
235,5,29,east,237,10,9.88513291886463,0,14.412641709222884,14.412641709222884
235,6,29,east,257,10,1.0,0,0.0,0.0
235,7,29,east,280,10,5.120415198010346,0,0.0,0.0
236,0,54,north,258,3,52.59532895894183,0,0.0,0.0
236,1,54,north,294,3,56.12016191525983,0,18.962675929116216,18.962675929116216
236,2,54,north,328,3,72.68876531961544,0,0.0,0.0
236,3,54,north,348,3,65.76889890826324,0,0.0,0.0
236,4,54,north,386,3,65.93672917783309,0,0.0,0.0
237,0,60,south,383,3,153.75300790092848,0,0.0,0.0
237,1,60,south,415,3,165.74990166587358,0,0.0,0.0
237,2,60,south,442,3,159.9324477905449,0,0.0,0.0
237,3,60,south,468,3,166.6482302035526,0,0.0,0.0
237,4,60,south,501,3,167.22589223104535,0,5.179719137333655,5.179719137333655
237,5,60,south,522,3,171.8387757439857,0,0.0,0.0
238,0,41,north,150,0,16.693669660134553,1,5.7689939288815655,5.2689939288815655
238,1,41,north,177,0,8.94079261872436,1,4.937970411910627,4.437970411910627
238,2,41,north,201,0,18.40186597027242,1,22.54890607778707,22.04890607778707
238,3,41,north,234,0,23.101447323440354,1,4.913375859878246,4.413375859878246
238,4,41,north,254,0,17.2252632045722,1,18.77381438071551,18.27381438071551
238,5,41,north,281,0,11.38301523679095,1,10.012974702285723,9.512974702285723
238,6,41,north,314,0,9.75627707708341,1,0.28571809666243503,-0.21428190333756497
238,7,41,north,334,0,4.126039723628895,1,3.3891145374647476,2.8891145374647476
238,8,41,north,355,0,1.0,1,34.32820831133913,33.82820831133913
239,0,48,north,343,3,9.641343534221985,0,0.0,0.0
239,1,48,north,378,3,1.0,0,0.0,0.0
239,2,48,north,400,3,2.56550750617723,0,0.0,0.0
239,3,48,north,431,3,18.49338590898556,0,0.0,0.0
239,4,48,north,456,3,15.67011212510738,0,0.0,0.0
239,5,48,north,478,3,28.51456519983983,0,0.0,0.0
240,0,67,east,333,2,21.689332556893174,1,0.0,-0.5
240,1,67,east,358,2,17.647425805003977,1,0.0,-0.5
240,2,67,east,384,2,27.194810018695428,1,0.0,-0.5
240,3,67,east,411,2,31.071871475173666,1,0.0,-0.5
240,4,67,east,447,2,54.71696275707873,1,0.0,-0.5
240,5,67,east,485,3,66.58021038448923,0,0.0,0.0
241,0,56,west,55,7,81.6590097693965,0,14.997192992024045,14.997192992024045
241,1,56,west,92,7,73.62599785074741,0,0.0,0.0
241,2,56,west,123,7,80.03917038088163,0,2.0398415499894917,2.0398415499894917
241,3,56,west,148,7,75.4493235074758,0,0.0,0.0
241,4,56,west,177,7,77.64793789993792,0,0.0,0.0
242,0,30,west,322,5,108.76523319256165,0,37.971655590692784,37.971655590692784
242,1,30,west,355,5,100.21847732375974,0,0.0,0.0
242,2,30,west,386,5,85.27190040764788,0,14.267853295628212,14.267853295628212
242,3,30,west,408,6,80.76865071515061,0,0.0,0.0
242,4,30,west,446,6,94.23762947047464,0,0.0,0.0
243,0,35,north,279,5,1.0,0,0.0,0.0
243,1,35,north,318,5,1.0,0,0.0,0.0
243,2,35,north,353,5,10.607435086795986,0,0.0,0.0
243,3,35,north,378,5,6.865360967239586,0,0.0,0.0
243,4,35,north,417,5,1.0,0,0.0,0.0
243,5,35,north,455,5,12.206078593040525,0,0.0,0.0
244,0,38,north,358,8,11.134824135966218,0,0.0,0.0
244,1,38,north,395,9,24.451738394501,0,0.0,0.0
244,2,38,north,421,9,23.947670466960158,0,0.0,0.0
244,3,38,north,443,9,24.602595840256246,0,0.0,0.0
244,4,38,north,473,9,17.962434265095744,0,0.0,0.0
244,5,38,north,512,9,22.04566528976255,0,0.0,0.0
244,6,38,north,532,9,26.573910897274708,0,0.0,0.0
245,0,47,west,212,6,26.359065590017295,0,3.2344179317406665,3.2344179317406665
245,1,47,west,237,7,26.869968965816394,0,0.0,0.0
245,2,47,west,257,7,37.81952930668238,0,0.0,0.0
245,3,47,west,290,7,54.45657729870629,0,25.878424927983332,25.878424927983332
245,4,47,west,324,7,49.925797876112256,0,10.58771049432947,10.58771049432947
245,5,47,west,357,7,49.19166293087464,0,0.0,0.0
245,6,47,west,378,7,44.11048745090591,0,0.0,0.0
246,0,74,north,209,4,64.6153500751916,0,19.748138261482463,19.748138261482463
246,1,74,north,231,4,64.05155554529857,0,18.18880862158339,18.18880862158339
246,2,74,north,251,5,52.02542146093219,0,0.0,0.0
246,3,74,north,275,5,69.27387237263845,0,0.0,0.0
247,0,22,south,260,0,72.3748103075232,1,0.0,-0.5
247,1,22,south,286,0,66.29445848113471,1,0.0,-0.5
247,2,22,south,322,0,77.84044895394103,1,0.0,-0.5
247,3,22,south,358,0,82.43291130924945,1,0.0,-0.5
247,4,22,south,384,0,92.38463975202485,1,0.0,-0.5
248,0,38,west,135,8,155.55017418203226,0,10.980514723291844,10.980514723291844
248,1,38,west,172,8,146.2095195102047,0,15.565216212811483,15.565216212811483
248,2,38,west,207,8,156.55856783237692,0,7.296307741848896,7.296307741848896
248,3,38,west,231,8,164.89998174770116,0,0.0,0.0
248,4,38,west,262,8,158.22657190805745,0,0.0,0.0
249,0,64,east,162,5,8.625455942192792,0,0.0,0.0
249,1,64,east,194,5,2.2310665914944368,0,0.0,0.0
249,2,64,east,215,5,1.0,0,0.0,0.0
249,3,64,east,243,5,1.0,0,0.0,0.0
249,4,64,east,277,5,1.8662088783817214,0,0.0,0.0
249,5,64,east,300,5,10.479196357422598,0,0.0,0.0
249,6,64,east,327,6,1.0,0,1.9605617062395662,1.9605617062395662
249,7,64,east,359,7,15.842640811702816,0,0.0,0.0
250,0,57,west,142,3,87.07222661458798,0,0.0,0.0
250,1,57,west,167,4,94.14727106195345,0,0.0,0.0
250,2,57,west,189,4,82.9633036609787,0,0.0,0.0
250,3,57,west,210,4,72.42736688458362,0,0.0,0.0
251,0,73,south,378,3,9.511834799625879,0,0.05298213636557284,0.05298213636557284
251,1,73,south,405,3,13.196144665479247,0,0.0,0.0
251,2,73,south,426,3,8.956313232746021,0,0.0,0.0
251,3,73,south,465,3,1.0,0,0.0,0.0
251,4,73,south,492,3,2.9724419379458027,0,0.0,0.0
251,5,73,south,515,3,7.6280579151785055,0,0.0,0.0
251,6,73,south,549,3,2.436182898337366,0,0.0,0.0
251,7,73,south,579,3,1.0,0,0.0,0.0
251,8,73,south,602,3,2.3195053029454895,0,0.0,0.0
252,0,50,west,197,0,17.65552404639587,1,0.0,-0.5
252,1,50,west,227,0,46.37428847504094,1,0.0,-0.5
252,2,50,west,249,0,39.752012137604886,1,3.6903847674184496,3.1903847674184496
252,3,50,west,281,0,50.68038927531604,1,0.0,-0.5
252,4,50,west,303,0,45.481484213373136,1,0.0,-0.5
252,5,50,west,323,0,64.69541900478669,1,0.0,-0.5
252,6,50,west,352,0,81.19315310770591,1,0.0,-0.5
253,0,55,north,389,6,126.80794468021539,0,0.0,0.0
253,1,55,north,423,6,126.16971222079026,0,0.0,0.0
253,2,55,north,449,6,128.51559747203268,0,11.107727865990357,11.107727865990357
253,3,55,north,476,6,115.02988645665442,0,0.0,0.0
253,4,55,north,498,7,134.71211552019722,0,0.0,0.0
253,5,55,north,530,7,138.60829414619755,0,0.0,0.0
253,6,55,north,557,7,136.10626112201916,0,0.0,0.0
253,7,55,north,584,7,147.1429446538935,0,0.0,0.0
253,8,55,north,608,7,169.5828847471003,0,0.0,0.0
254,0,71,east,388,1,102.08976597104098,1,0.0,-0.5
254,1,71,east,412,1,88.11872002047448,1,0.0,-0.5
254,2,71,east,439,1,83.9156777230719,1,23.856506054144603,23.356506054144603
254,3,71,east,475,1,87.59443196378992,1,0.0,-0.5
254,4,71,east,502,1,86.89260757429946,1,3.5761868768818013,3.0761868768818013
254,5,71,east,531,1,99.99149483980412,1,0.0,-0.5
254,6,71,east,567,1,100.08074545603353,1,0.0,-0.5
255,0,72,north,164,9,139.38406527841937,0,10.533961587148987,10.533961587148987
255,1,72,north,193,9,145.631761157179,0,9.259970948899822,9.259970948899822
255,2,72,north,215,9,137.04666036546715,0,0.0,0.0
255,3,72,north,250,9,135.76442449758167,0,17.861039990590818,17.861039990590818
256,0,52,east,131,6,89.17290574723393,0,26.385639407684245,26.385639407684245
256,1,52,east,160,6,89.87184349377236,0,14.257817149659346,14.257817149659346
256,2,52,east,182,6,106.72514009279482,0,0.0,0.0
256,3,52,east,218,6,103.37376503835992,0,2.034286764590217,2.034286764590217
256,4,52,east,246,6,114.91761443366305,0,61.455131820788445,61.455131820788445
256,5,52,east,266,6,104.35473310458923,0,43.871762912840126,43.871762912840126
256,6,52,east,297,6,121.35142044829962,0,2.3848319965564175,2.3848319965564175
256,7,52,east,334,6,131.7951634189845,0,9.337681622577534,9.337681622577534
257,0,65,west,290,0,1.0,1,0.0,-0.5
257,1,65,west,323,0,6.366102297770424,1,0.0,-0.5
257,2,65,west,345,0,10.147485975791737,1,0.0,-0.5
257,3,65,west,369,0,1.0,1,0.0,-0.5
257,4,65,west,404,0,1.0,1,0.0,-0.5
258,0,19,west,24,2,107.86983142626474,0,0.9354566386776076,0.9354566386776076
258,1,19,west,45,2,100.41892356155125,0,7.26722680156832,7.26722680156832
258,2,19,west,73,2,107.29646033183164,0,11.801531545447482,11.801531545447482
258,3,19,west,105,3,111.77299894589186,0,0.0,0.0
258,4,19,west,138,3,106.43975602553776,0,0.0,0.0
258,5,19,west,168,3,110.96559876569033,0,0.0,0.0
259,0,52,west,269,2,16.317593803978358,1,0.0,-0.5
259,1,52,west,292,2,17.273453332205737,1,0.0,-0.5
259,2,52,west,325,2,10.329959039824452,1,0.0,-0.5
259,3,52,west,345,2,7.612763754936148,1,0.0,-0.5
259,4,52,west,376,2,1.0,1,0.0,-0.5
259,5,52,west,411,2,14.20362423871159,1,0.0,-0.5
259,6,52,west,446,2,15.789515973276393,1,0.0,-0.5
259,7,52,west,467,2,7.440000433708651,1,0.0,-0.5
259,8,52,west,502,2,1.0,1,0.0,-0.5
260,0,35,west,188,4,43.979092448270094,0,7.019010284353321,7.019010284353321
260,1,35,west,222,4,39.87103052566526,0,92.80971028001196,92.80971028001196
260,2,35,west,243,4,36.416419301128755,0,0.0,0.0
260,3,35,west,272,4,41.02225102271924,0,0.0,0.0
260,4,35,west,310,4,37.617414779687934,0,4.224072348684524,4.224072348684524
260,5,35,west,344,4,30.90888409955873,0,0.0,0.0
260,6,35,west,377,4,37.688134403113125,0,0.0,0.0
261,0,38,west,362,4,5.009475919082774,0,0.0,0.0
261,1,38,west,395,4,20.848884909810224,0,0.0,0.0
261,2,38,west,427,4,17.891150578234083,0,0.0,0.0
261,3,38,west,452,4,33.28854675705692,0,0.0,0.0
261,4,38,west,481,4,27.90742432824286,0,0.0,0.0
261,5,38,west,504,4,28.256255725722898,0,0.0,0.0
261,6,38,west,530,4,30.935855417996063,0,0.0,0.0
261,7,38,west,555,4,33.228661293204766,0,0.0,0.0
262,0,34,east,382,6,47.5433283080239,0,0.0,0.0
262,1,34,east,404,6,52.86733693202524,0,0.0,0.0
262,2,34,east,424,6,72.70839633861019,0,0.0,0.0
262,3,34,east,451,6,68.20680827479008,0,0.0,0.0
262,4,34,east,481,6,71.18448159786124,0,0.0,0.0
262,5,34,east,511,6,71.69825658202338,0,2.854958246068636,2.854958246068636
262,6,34,east,548,6,76.17231433379764,0,0.0,0.0
262,7,34,east,583,6,75.36802915173718,0,0.0,0.0
262,8,34,east,617,7,85.69487559076816,0,0.0,0.0
263,0,43,west,38,8,8.984894385721153,0,9.477617675160685,9.477617675160685
263,1,43,west,73,8,26.18412707918388,0,0.0,0.0
263,2,43,west,100,8,46.250790220303884,0,7.678209652973892,7.678209652973892
263,3,43,west,136,8,49.59070280376882,0,11.00697018635528,11.00697018635528
263,4,43,west,172,9,49.62399161464433,0,0.0,0.0
264,0,23,west,94,8,303.9621280158899,0,0.0,0.0
264,1,23,west,130,8,303.2093918750686,0,0.0,0.0
264,2,23,west,150,9,303.8589978281282,0,0.0,0.0
264,3,23,west,186,9,306.20893038292206,0,0.0,0.0
264,4,23,west,217,9,317.38741980422327,0,0.0,0.0
264,5,23,west,244,9,317.3301542735376,0,0.0,0.0
264,6,23,west,278,9,326.4538987562961,0,0.0,0.0
264,7,23,west,313,9,314.7759093351795,0,0.0,0.0
265,0,55,south,62,7,17.80159375057471,0,35.89184415426885,35.89184415426885
265,1,55,south,88,7,24.072540228261047,0,58.64291846111685,58.64291846111685
265,2,55,south,115,7,28.418179211665905,0,53.17103201732309,53.17103201732309
265,3,55,south,144,7,40.74188305808062,0,3.541956788247069,3.541956788247069
265,4,55,south,173,7,62.001007186083704,0,13.280745145586886,13.280745145586886
265,5,55,south,203,8,73.99640402467116,0,96.07208089328931,96.07208089328931
265,6,55,south,231,8,82.91431415415447,0,40.49381365782476,40.49381365782476
265,7,55,south,255,8,70.49747439131009,0,69.36540666481737,69.36540666481737
266,0,54,south,220,1,32.39490326382503,1,0.0,-0.5
266,1,54,south,259,1,49.8946015186189,1,18.679774951919086,18.179774951919086
266,2,54,south,284,1,55.64089128069561,1,3.9249795159484653,3.4249795159484653
266,3,54,south,317,1,53.79134337976513,1,0.0,-0.5
266,4,54,south,343,1,51.554415445001126,1,5.825998486678758,5.325998486678758
266,5,54,south,382,1,51.521336979643415,1,0.0,-0.5
266,6,54,south,414,1,69.95557180598688,1,0.0,-0.5
266,7,54,south,440,2,52.50611439701396,1,37.1525728970818,36.6525728970818
267,0,71,north,330,8,23.979576265253456,0,15.96598815940411,15.96598815940411
267,1,71,north,369,8,19.569032117512503,0,0.0,0.0
267,2,71,north,394,8,20.51582910169054,0,0.0,0.0
267,3,71,north,420,8,20.275099351844258,0,0.0,0.0
267,4,71,north,453,8,25.98777165585399,0,1.9463828912920909,1.9463828912920909
267,5,71,north,480,8,25.206761868330425,0,0.0,0.0
267,6,71,north,518,8,23.957776654230525,0,0.0,0.0
267,7,71,north,548,8,26.67313770909744,0,0.0,0.0
268,0,46,east,266,6,52.67793838676162,0,5.4944289901408245,5.4944289901408245
268,1,46,east,294,6,66.61192119851975,0,0.0,0.0
268,2,46,east,333,6,60.01222749257711,0,0.0,0.0
268,3,46,east,370,6,38.43301619611851,0,0.0,0.0
268,4,46,east,405,7,36.450255577090225,0,0.0,0.0
268,5,46,east,438,7,37.84991002595614,0,0.0,0.0
269,0,56,north,281,2,11.239671677185388,1,0.0,-0.5
269,1,56,north,301,2,7.103540321275932,1,10.743283821345155,10.243283821345155
269,2,56,north,323,2,2.7341463231816414,1,11.020887585300645,10.520887585300645
269,3,56,north,352,2,1.0,1,0.0,-0.5
270,0,26,north,67,6,4.7550434069042815,0,8.41936183610246,8.41936183610246
270,1,26,north,101,6,14.266248401767232,0,56.58590972022485,56.58590972022485
270,2,26,north,134,7,13.18650924331627,0,6.216762307863069,6.216762307863069
270,3,26,north,163,7,3.7333338704077104,0,43.91451948601238,43.91451948601238
270,4,26,north,190,7,1.0,0,34.625301277182864,34.625301277182864
271,0,64,east,153,7,36.02607237451865,0,0.0,0.0
271,1,64,east,182,7,34.09419342695763,0,0.0,0.0
271,2,64,east,220,7,18.68435761042297,0,0.0,0.0
271,3,64,east,252,7,12.745398935282253,0,0.0,0.0
271,4,64,east,283,7,11.092379591672106,0,0.0,0.0
271,5,64,east,308,7,12.436078206529679,0,0.0,0.0
271,6,64,east,347,7,15.009307157535414,0,0.0,0.0
272,0,31,north,46,9,93.21062652736308,0,0.0,0.0
272,1,31,north,82,9,97.48867080017162,0,0.0,0.0
272,2,31,north,121,9,104.69023215517426,0,0.0,0.0
272,3,31,north,145,10,115.80583406191968,0,0.0,0.0
272,4,31,north,181,10,114.4683159112496,0,0.0,0.0
273,0,33,west,250,9,15.1158421161226,0,0.0,0.0
273,1,33,west,272,10,11.52318622277062,0,0.0,0.0
273,2,33,west,301,10,11.153820565668289,0,0.0,0.0
273,3,33,west,328,10,22.401021442211285,0,0.0,0.0
273,4,33,west,352,10,34.94345702430165,0,0.0,0.0
273,5,33,west,376,10,22.127005195847744,0,0.0,0.0
273,6,33,west,402,10,27.543722225873474,0,0.0,0.0
273,7,33,west,439,10,41.53093705678233,0,0.0,0.0
274,0,44,north,172,3,43.1407048345546,0,0.0,0.0
274,1,44,north,200,3,46.487361040641765,0,0.0,0.0
274,2,44,north,226,3,52.22561702056163,0,0.0,0.0
274,3,44,north,255,3,51.84870369677041,0,0.0,0.0
274,4,44,north,283,3,74.84658237378662,0,0.0,0.0
275,0,44,south,94,7,9.40290009370943,0,8.238772364484552,8.238772364484552
275,1,44,south,126,7,15.435259883968612,0,14.494901244352686,14.494901244352686
275,2,44,south,163,8,18.564156656695747,0,0.0,0.0
275,3,44,south,194,8,16.910633632106045,0,16.026658881611798,16.026658881611798
276,0,30,west,217,0,5.088680510823153,1,0.0,-0.5
276,1,30,west,250,0,26.05232411565717,1,0.0,-0.5
276,2,30,west,270,0,33.41889436332287,1,0.0,-0.5
276,3,30,west,305,0,18.53306084575741,1,0.0,-0.5
277,0,71,south,167,10,46.2588564243567,0,16.200749700175095,16.200749700175095
277,1,71,south,196,10,56.36016819097881,0,67.68036373767279,67.68036373767279
277,2,71,south,222,10,80.58950654573582,0,0.0,0.0
277,3,71,south,247,10,86.74648473291037,0,60.21115978022344,60.21115978022344
277,4,71,south,272,10,115.33692473620073,0,41.51346347265734,41.51346347265734
277,5,71,south,297,11,121.42605768739045,0,68.76648276024403,68.76648276024403
278,0,62,east,221,9,1.694278133157134,0,0.0,0.0
278,1,62,east,245,9,5.9167542678929745,0,0.0,0.0
278,2,62,east,271,9,5.159894128841545,0,0.0,0.0
278,3,62,east,301,9,1.0,0,0.0,0.0
278,4,62,east,336,10,1.0,0,0.0,0.0
278,5,62,east,364,10,1.0,0,0.0,0.0
279,0,45,west,125,3,42.15711158030501,0,1.8821783779228447,1.8821783779228447
279,1,45,west,164,3,43.77255583883434,0,0.0,0.0
279,2,45,west,194,3,36.50296045663456,0,0.0,0.0
279,3,45,west,220,3,46.10982425871082,0,0.0,0.0
279,4,45,west,247,3,47.358098915053255,0,0.0,0.0
279,5,45,west,268,3,40.24274164729033,0,0.0,0.0
279,6,45,west,303,3,30.446518099562915,0,0.0,0.0
279,7,45,west,336,3,29.063413753018754,0,0.0,0.0
280,0,32,west,205,5,1.0576922721374071,0,0.0,0.0
280,1,32,west,231,5,1.0,0,0.0,0.0
280,2,32,west,269,5,6.096011602735011,0,0.0,0.0
280,3,32,west,298,5,3.97907018896607,0,0.0,0.0
280,4,32,west,323,5,6.544997078858334,0,0.0,0.0
281,0,31,south,311,0,1.0,1,0.0,-0.5
281,1,31,south,338,0,7.195823441679632,1,0.0,-0.5
281,2,31,south,366,0,1.0,1,0.1052380991903416,-0.3947619008096584
281,3,31,south,386,0,1.0,1,0.0,-0.5
281,4,31,south,417,0,3.3094497467613073,1,0.0,-0.5
281,5,31,south,439,0,10.889796448849186,1,0.0,-0.5
282,0,42,north,283,2,8.50869629738781,1,0.0,-0.5
282,1,42,north,317,3,5.441541396472486,0,0.0,0.0
282,2,42,north,341,3,11.652967385517417,0,0.0,0.0
282,3,42,north,369,3,1.0,0,0.0,0.0
282,4,42,north,403,3,1.0,0,0.0,0.0
282,5,42,north,429,3,1.0,0,0.0,0.0
282,6,42,north,451,3,1.0,0,0.0,0.0
283,0,32,north,252,7,29.250298897859984,0,0.0,0.0
283,1,32,north,287,7,26.58875409027447,0,0.0,0.0
283,2,32,north,308,7,33.47290373687524,0,0.0,0.0
283,3,32,north,339,7,26.135626935285345,0,0.0,0.0
283,4,32,north,363,7,31.967267629429085,0,0.0,0.0
283,5,32,north,402,7,39.369465077323035,0,0.0,0.0
284,0,70,north,173,4,43.771667062638684,0,0.0,0.0
284,1,70,north,211,4,41.693806112123696,0,0.0,0.0
284,2,70,north,238,4,29.396636842662637,0,0.0,0.0
284,3,70,north,268,4,32.20058462433059,0,0.0,0.0
284,4,70,north,292,4,36.34775079739904,0,0.0,0.0
284,5,70,north,322,4,38.58750007783931,0,0.0,0.0
284,6,70,north,358,4,23.538113211252224,0,0.0,0.0
285,0,30,north,125,4,12.987006849562613,0,0.0,0.0
285,1,30,north,161,4,3.7927935910350854,0,0.0,0.0
285,2,30,north,192,4,1.0,0,0.0,0.0
285,3,30,north,213,4,4.705564804547561,0,0.0,0.0
285,4,30,north,234,4,15.782865930093351,0,0.0,0.0
285,5,30,north,260,4,11.445554548852133,0,0.0,0.0
285,6,30,north,285,4,1.0,0,0.0,0.0
286,0,66,north,270,2,150.89159816229792,1,0.0,-0.5
286,1,66,north,295,2,154.72468133547264,1,0.0,-0.5
286,2,66,north,320,2,172.99155007591202,1,0.0,-0.5
286,3,66,north,341,2,180.5962004994645,1,0.0,-0.5
286,4,66,north,372,3,182.6417198460324,0,0.0,0.0
286,5,66,north,405,3,184.5922380199543,0,0.0,0.0
286,6,66,north,427,3,185.4001026288735,0,0.0,0.0
286,7,66,north,466,3,186.0392013130507,0,0.0,0.0
287,0,41,east,174,9,10.445946013979519,0,0.0,0.0
287,1,41,east,209,10,1.0,0,0.0,0.0
287,2,41,east,245,11,16.857263370002414,0,0.0,0.0
287,3,41,east,278,11,1.9575303790066005,0,0.0,0.0
287,4,41,east,302,12,7.380080647263905,0,0.0,0.0
287,5,41,east,331,12,1.0,0,8.90489948116944,8.90489948116944
288,0,19,west,343,4,75.814215293861,0,0.0,0.0
288,1,19,west,369,4,91.68157124758076,0,0.0,0.0
288,2,19,west,399,5,104.8358837423502,0,51.11705049012606,51.11705049012606
288,3,19,west,429,5,98.4733068735366,0,0.0,0.0
288,4,19,west,456,5,93.3624515387212,0,0.0,0.0
288,5,19,west,485,5,95.82177076266991,0,0.0,0.0
289,0,57,south,155,8,174.7529832231374,0,0.0,0.0
289,1,57,south,175,8,179.36402677124946,0,0.0,0.0
289,2,57,south,209,8,188.5088550327526,0,0.0,0.0
289,3,57,south,245,8,192.23176093865587,0,0.0,0.0
290,0,64,north,98,8,95.81198704319857,0,1.4454427178447804,1.4454427178447804
290,1,64,north,134,8,110.31712119073704,0,7.319965802493184,7.319965802493184
290,2,64,north,166,8,96.55409425665657,0,0.0,0.0
290,3,64,north,196,8,81.15721196691642,0,5.332467555390287,5.332467555390287
291,0,39,south,33,9,53.152530554669575,0,8.326935318387108,8.326935318387108
291,1,39,south,64,9,62.939691717841704,0,35.787873981063996,35.787873981063996
291,2,39,south,93,9,65.32558396872636,0,7.600570436165425,7.600570436165425
291,3,39,south,129,9,65.88227694631463,0,0.0,0.0
292,0,50,west,336,6,145.9868807395674,0,0.0,0.0
292,1,50,west,364,6,151.46434344268079,0,0.0,0.0
292,2,50,west,387,6,152.31782647395914,0,0.0,0.0
292,3,50,west,417,6,144.65486354175337,0,18.910981861348933,18.910981861348933
292,4,50,west,446,6,149.4936019293892,0,0.0,0.0
292,5,50,west,475,6,144.04540046345568,0,31.700084678085453,31.700084678085453
293,0,31,north,102,9,1.0,0,0.0,0.0
293,1,31,north,135,9,1.0,0,0.0,0.0
293,2,31,north,174,9,10.741925100876113,0,0.0,0.0
293,3,31,north,208,9,15.76879607646219,0,0.41440805956565724,0.41440805956565724
293,4,31,north,241,9,7.18557961196073,0,0.0,0.0
293,5,31,north,268,9,1.0,0,0.0,0.0
293,6,31,north,292,9,2.922782602174446,0,0.0,0.0
293,7,31,north,315,9,1.0,0,0.0,0.0
294,0,37,south,210,2,8.517339295235647,1,0.0,-0.5
294,1,37,south,240,2,13.98675373142725,1,0.0,-0.5
294,2,37,south,268,2,1.3886447052172812,1,0.0,-0.5
294,3,37,south,290,2,5.153609100432984,1,0.0,-0.5
294,4,37,south,312,2,8.737786549193835,1,0.0,-0.5
294,5,37,south,344,2,28.318481338545713,1,0.0,-0.5
295,0,61,west,290,8,46.086257714734096,0,0.0,0.0
295,1,61,west,319,8,47.543741080728125,0,0.0,0.0
295,2,61,west,358,8,58.2558315622519,0,0.0,0.0
295,3,61,west,381,8,33.64058205645335,0,0.0,0.0
295,4,61,west,403,8,38.503143178208525,0,0.0,0.0
295,5,61,west,424,8,28.607752256847142,0,0.0,0.0
296,0,59,east,210,1,52.49026505127009,1,0.0,-0.5
296,1,59,east,236,1,38.577872682243594,1,0.0,-0.5
296,2,59,east,272,1,42.968971338434585,1,0.0,-0.5
296,3,59,east,299,1,50.120897551427454,1,0.0,-0.5
296,4,59,east,338,1,45.50964601878148,1,0.0,-0.5
296,5,59,east,367,1,55.60253070913426,1,0.0,-0.5
296,6,59,east,393,1,39.08161682046909,1,0.0,-0.5
296,7,59,east,426,1,46.14252939731681,1,0.0,-0.5
296,8,59,east,465,1,43.51378176069708,1,0.0,-0.5
297,0,31,west,208,6,220.39849804647386,0,0.0,0.0
297,1,31,west,235,6,208.1069296864392,0,0.0,0.0
297,2,31,west,263,6,188.72662642648748,0,0.0,0.0
297,3,31,west,291,7,173.46422964042202,0,0.0,0.0
297,4,31,west,316,8,191.6111502330738,0,8.327499044491868,8.327499044491868
297,5,31,west,349,8,199.61765965648542,0,0.6559436017145325,0.6559436017145325
297,6,31,west,372,8,202.88660519967945,0,0.0,0.0
298,0,54,west,375,8,44.95997948062505,0,0.0,0.0
298,1,54,west,408,8,40.684606232054776,0,0.0,0.0
298,2,54,west,447,9,39.34533200898906,0,0.0,0.0
298,3,54,west,477,9,50.862113534089396,0,0.0,0.0
298,4,54,west,497,9,50.880848934586304,0,0.0,0.0
298,5,54,west,535,10,60.26942379569072,0,0.0,0.0
299,0,50,north,296,4,5.019600847832379,0,0.0,0.0
299,1,50,north,326,4,13.166924363850852,0,0.0,0.0
299,2,50,north,346,5,21.229192026990255,0,0.0,0.0
299,3,50,north,373,5,31.418902113759103,0,0.0,0.0
299,4,50,north,398,5,47.20264705879225,0,0.0,0.0
299,5,50,north,424,5,58.163952820137325,0,0.0,0.0
299,6,50,north,455,5,45.24848617018705,0,0.0,0.0
300,0,50,south,207,4,1.0,0,0.0,0.0
300,1,50,south,241,4,10.934141578456167,0,0.0,0.0
300,2,50,south,279,4,8.202220325046834,0,0.0,0.0
300,3,50,south,316,5,8.182054962713972,0,0.0,0.0
300,4,50,south,355,5,16.338237397312827,0,0.0,0.0
301,0,43,south,71,2,28.70148404986044,0,4.287836732044451,4.287836732044451
301,1,43,south,108,2,30.89891267935466,0,0.0,0.0
301,2,43,south,147,2,35.66339565120779,1,6.083607991338242,5.583607991338242
301,3,43,south,184,3,16.432654417503638,0,7.383056508689748,7.383056508689748
301,4,43,south,221,3,5.601049881482794,0,0.0,0.0
301,5,43,south,254,4,6.088223061227073,0,0.0,0.0
301,6,43,south,292,4,8.43334699981479,0,0.0,0.0
301,7,43,south,314,4,1.0,0,0.0,0.0
302,0,38,north,240,4,144.71203714750658,0,0.0,0.0
302,1,38,north,273,4,155.70044917780544,0,0.0,0.0
302,2,38,north,301,4,152.37912257708265,0,0.0,0.0
302,3,38,north,326,4,174.13618349388435,0,0.0,0.0
302,4,38,north,353,4,172.2260171912413,0,0.0,0.0
302,5,38,north,382,4,172.63901844865845,0,0.0,0.0
302,6,38,north,404,4,185.44812427923202,0,0.0,0.0
302,7,38,north,430,4,196.06779319366873,0,0.0,0.0
303,0,58,east,142,0,14.61457696305533,1,0.0,-0.5
303,1,58,east,178,0,1.0,1,0.0,-0.5
303,2,58,east,205,0,4.194790748978672,1,0.0,-0.5
303,3,58,east,237,0,1.1201831927083647,1,0.0,-0.5
303,4,58,east,276,0,1.0726422585169932,1,0.6131125101221246,0.11311251012212464
303,5,58,east,297,0,1.0,1,0.0,-0.5
304,0,26,north,214,3,53.50474122612329,0,0.0,0.0
304,1,26,north,247,4,64.94794415379464,0,0.0,0.0
304,2,26,north,275,4,49.14520698442868,0,0.0,0.0
304,3,26,north,305,5,37.270175832500826,0,0.0,0.0
304,4,26,north,341,5,30.404323335366286,0,0.0,0.0
304,5,26,north,373,5,44.060906667129366,0,0.0,0.0
304,6,26,north,406,5,53.0898215784123,0,0.0,0.0
304,7,26,north,444,5,52.140959258313494,0,0.0,0.0
305,0,61,north,172,2,41.109553556347436,1,0.0,-0.5
305,1,61,north,195,2,43.470864449708394,1,0.0,-0.5
305,2,61,north,217,2,46.280841712884985,1,0.0,-0.5
305,3,61,north,253,2,39.61175129820213,1,0.0,-0.5
305,4,61,north,276,3,18.2944640266802,0,0.0,0.0
305,5,61,north,303,3,17.727701663810638,0,0.0,0.0
305,6,61,north,338,3,1.0,0,0.0,0.0
306,0,63,north,39,3,333.02578714227815,0,16.82263807106991,16.82263807106991
306,1,63,north,61,3,319.64305977457593,0,0.0,0.0
306,2,63,north,90,3,324.3239380124337,0,0.0,0.0
306,3,63,north,127,3,313.0659491392041,0,0.0,0.0
306,4,63,north,148,3,320.7958929650037,0,0.0,0.0
306,5,63,north,169,3,310.90198043593745,0,0.0,0.0
306,6,63,north,193,3,301.62866280867536,0,0.0,0.0
306,7,63,north,221,3,287.78132648772316,0,0.0,0.0
306,8,63,north,254,3,290.3970288230068,0,0.0,0.0
307,0,30,west,285,7,118.46182544280735,0,34.47663369795265,34.47663369795265
307,1,30,west,321,7,119.56861301384755,0,0.0,0.0
307,2,30,west,349,7,101.63632745591663,0,103.85605856081862,103.85605856081862
307,3,30,west,387,7,106.78955517004027,0,0.0,0.0
307,4,30,west,422,7,103.52332978385083,0,11.979672691038262,11.979672691038262
307,5,30,west,461,7,118.62829890780597,0,0.0,0.0
307,6,30,west,484,7,106.5895528275409,0,0.0,0.0
307,7,30,west,522,7,106.31237259352618,0,23.056468676135275,23.056468676135275
308,0,63,west,315,6,37.40666898182872,0,8.84924191674629,8.84924191674629
308,1,63,west,346,6,55.95762478099603,0,0.0,0.0
308,2,63,west,382,6,58.34954079335878,0,0.0,0.0
308,3,63,west,407,6,52.11405085931311,0,0.0,0.0
308,4,63,west,436,6,59.7359050586277,0,0.0,0.0
309,0,49,west,230,9,12.138983643540191,0,21.731429838701015,21.731429838701015
309,1,49,west,265,9,7.3191488102877855,0,17.237811337184883,17.237811337184883
309,2,49,west,304,9,4.241421136802251,0,0.0,0.0
309,3,49,west,342,9,1.0,0,8.927165618241437,8.927165618241437
309,4,49,west,362,9,1.0,0,0.0,0.0
309,5,49,west,387,9,1.6772319926342332,0,0.0,0.0
309,6,49,west,411,9,1.0,0,2.607043735086494,2.607043735086494
310,0,69,north,126,9,175.85321343944344,0,0.0,0.0
310,1,69,north,157,9,178.27872061768375,0,0.0,0.0
310,2,69,north,179,9,168.89137178324097,0,0.0,0.0
310,3,69,north,208,9,161.91222755950596,0,0.0,0.0
310,4,69,north,229,9,145.68999284750888,0,0.0,0.0
310,5,69,north,255,9,138.10641650708598,0,1.5832694683205477,1.5832694683205477
310,6,69,north,285,10,145.37315496605225,0,0.0,0.0
310,7,69,north,317,11,134.01423667525896,0,11.701427487396794,11.701427487396794
311,0,63,south,125,7,43.140562304749736,0,0.0,0.0
311,1,63,south,156,7,46.08701983037894,0,0.0,0.0
311,2,63,south,194,7,39.84833191021387,0,0.0,0.0
311,3,63,south,227,8,30.30174767273476,0,0.0,0.0
311,4,63,south,247,8,29.874102371119605,0,7.639639762751945,7.639639762751945
312,0,64,south,218,0,63.17528739564779,1,0.0,-0.5
312,1,64,south,257,0,68.1449708243346,1,0.0,-0.5
312,2,64,south,284,0,64.20492608035778,1,0.0,-0.5
312,3,64,south,305,0,44.172978648899814,1,2.393067070397728,1.893067070397728
312,4,64,south,330,0,38.591305544807945,1,0.0,-0.5
313,0,50,west,133,3,5.4598214975429595,0,1.3437512071514253,1.3437512071514253
313,1,50,west,171,3,1.0,0,2.350792697663824,2.350792697663824
313,2,50,west,208,3,22.18396711242776,0,37.516168846209496,37.516168846209496
313,3,50,west,233,3,34.185294757465684,0,0.0,0.0
313,4,50,west,267,3,35.94357903433487,0,15.669301237152416,15.669301237152416
313,5,50,west,287,3,19.375860039579024,0,7.068559194794593,7.068559194794593
313,6,50,west,308,3,1.0,0,15.817765585528878,15.817765585528878
313,7,50,west,345,3,17.42817792818499,0,0.0,0.0
313,8,50,west,379,3,20.23761178373787,0,4.19489877668513,4.19489877668513
314,0,30,east,80,1,52.2401078588665,0,0.43418996384016395,0.43418996384016395
314,1,30,east,113,1,45.88902929484653,0,27.78282546985764,27.78282546985764
314,2,30,east,139,1,39.64007714990645,1,12.526484373702862,12.026484373702862
314,3,30,east,167,1,46.40124672994608,1,17.250948201170104,16.750948201170104
315,0,46,north,339,7,1.0,0,0.0,0.0
315,1,46,north,373,7,1.0,0,0.0,0.0
315,2,46,north,395,7,1.0,0,0.0,0.0
315,3,46,north,423,7,1.0,0,0.0,0.0
316,0,72,south,37,1,51.90405670659219,0,4.927071054377094,4.927071054377094
316,1,72,south,58,1,60.55321421290814,0,14.988653005949413,14.988653005949413
316,2,72,south,95,1,63.25110396436147,0,0.0,0.0
316,3,72,south,132,1,68.83170253948568,1,0.0,-0.5
316,4,72,south,154,1,51.59502111917564,1,0.0,-0.5
316,5,72,south,183,1,34.02749950929176,1,0.0,-0.5
316,6,72,south,205,1,38.768190200410004,1,1.4830767539062644,0.9830767539062644
316,7,72,south,225,1,46.22557453962065,1,0.0,-0.5
316,8,72,south,249,1,41.74477133395918,1,4.51457775924877,4.01457775924877
317,0,55,west,108,3,1.0,0,5.9294598500208,5.9294598500208
317,1,55,west,140,3,9.843484733890561,0,22.734445419147132,22.734445419147132
317,2,55,west,173,4,1.0,0,23.326048089261384,23.326048089261384
317,3,55,west,193,4,1.0,0,0.0,0.0
318,0,66,west,116,3,47.92806427668349,0,0.9593234246304411,0.9593234246304411
318,1,66,west,149,3,46.69543324420846,0,0.0,0.0
318,2,66,west,180,3,40.42294476136495,0,0.0,0.0
318,3,66,west,202,3,33.56729667117624,0,0.0,0.0
318,4,66,west,222,3,47.74824675594441,0,0.8423994290596041,0.8423994290596041
318,5,66,west,261,3,42.62000449741354,0,0.0,0.0
318,6,66,west,295,3,52.55265301836513,0,0.0,0.0
318,7,66,west,329,3,74.04111830450796,0,2.0654602640330904,2.0654602640330904
318,8,66,west,355,3,44.963400764360564,0,0.0,0.0
319,0,40,east,330,8,17.28311453613148,0,0.0,0.0
319,1,40,east,357,8,15.522253420298659,0,2.0270338762714624,2.0270338762714624
319,2,40,east,379,9,1.0,0,0.0,0.0
319,3,40,east,411,9,1.0,0,0.0,0.0
319,4,40,east,437,10,1.890920723269406,0,0.0,0.0
319,5,40,east,464,10,1.0,0,0.0,0.0
319,6,40,east,494,10,21.483182169147213,0,0.0,0.0
319,7,40,east,532,10,24.096832057835428,0,0.0,0.0
320,0,36,south,365,6,52.49999742323065,0,0.0,0.0
320,1,36,south,387,6,63.5042716541568,0,78.07021365372402,78.07021365372402
320,2,36,south,417,6,49.81788057176423,0,26.27603843943307,26.27603843943307
320,3,36,south,448,6,66.20353724300705,0,20.909030926159197,20.909030926159197
320,4,36,south,475,7,70.47241413284131,0,14.086845085980464,14.086845085980464
320,5,36,south,495,7,65.96512883268595,0,4.3382134896493385,4.3382134896493385
320,6,36,south,521,8,67.46247934121108,0,0.0,0.0
320,7,36,south,550,8,60.28708080089309,0,0.0,0.0
321,0,74,north,162,6,1.0,0,0.0,0.0
321,1,74,north,187,6,3.1021490678692825,0,0.0,0.0
321,2,74,north,217,6,7.685804381342493,0,0.0,0.0
321,3,74,north,239,7,1.0,0,0.0,0.0
321,4,74,north,272,7,14.562879820023808,0,0.0,0.0
321,5,74,north,298,7,15.32457749767008,0,0.0,0.0
322,0,66,east,319,4,25.60122497427176,0,0.0,0.0
322,1,66,east,352,4,31.874402506532657,0,5.730428986675511,5.730428986675511
322,2,66,east,385,4,21.82109691280786,0,0.0,0.0
322,3,66,east,416,4,30.811760071520627,0,0.0,0.0
323,0,56,west,319,3,38.79424037250473,0,12.441614269680443,12.441614269680443
323,1,56,west,341,3,57.18126554289785,0,0.0,0.0
323,2,56,west,377,3,64.5071783878113,0,23.24724746270788,23.24724746270788
323,3,56,west,412,3,55.387035290001734,0,19.70197899395032,19.70197899395032
323,4,56,west,448,3,49.92271001747235,0,0.0,0.0
323,5,56,west,486,3,43.94882384763477,0,8.315434840663686,8.315434840663686
323,6,56,west,511,3,41.35032033566941,0,0.0,0.0
323,7,56,west,548,3,23.838474338470675,0,0.0,0.0
323,8,56,west,580,3,25.304450799908928,0,0.0,0.0
324,0,33,east,260,5,40.00150249692615,0,0.0,0.0
324,1,33,east,285,5,30.06218702006386,0,0.0,0.0
324,2,33,east,306,5,20.97173529666096,0,0.0,0.0
324,3,33,east,344,5,9.952217355423853,0,0.0,0.0
325,0,31,west,69,8,14.599068259410094,0,0.0,0.0
325,1,31,west,107,8,33.32037344279951,0,7.7964069613597085,7.7964069613597085
325,2,31,west,135,8,40.44960269974384,0,0.0,0.0
325,3,31,west,162,8,46.99600509985865,0,0.0,0.0
325,4,31,west,194,8,43.31804733124159,0,8.363218732406677,8.363218732406677
325,5,31,west,225,8,47.887001272692146,0,0.0,0.0
326,0,40,east,320,4,233.6466697728121,0,11.25441427953485,11.25441427953485
326,1,40,east,353,4,224.30462446023427,0,0.0,0.0
326,2,40,east,378,4,215.86182949239787,0,0.0,0.0
326,3,40,east,402,4,218.26368676355213,0,0.0,0.0
326,4,40,east,434,4,225.22821869902242,0,0.0,0.0
326,5,40,east,459,4,235.76909025803312,0,0.0,0.0
327,0,54,west,238,9,1.0,0,0.0,0.0
327,1,54,west,276,9,1.0,0,0.0,0.0
327,2,54,west,298,9,8.72215013645185,0,0.0,0.0
327,3,54,west,328,9,9.568719998510753,0,0.0,0.0
327,4,54,west,348,9,16.90431770392638,0,10.493842800911214,10.493842800911214
327,5,54,west,368,9,11.372217472202315,0,0.0,0.0
327,6,54,west,406,9,14.041012933249721,0,0.0,0.0
328,0,44,west,143,0,12.113533661218899,1,0.0,-0.5
328,1,44,west,182,0,19.52155966912041,1,0.0,-0.5
328,2,44,west,217,0,5.5236826213586845,1,0.0,-0.5
328,3,44,west,241,0,9.785317660337926,1,0.0,-0.5
328,4,44,west,266,0,1.0267668071721445,1,0.0,-0.5
328,5,44,west,298,0,5.79587266653268,1,0.0,-0.5
329,0,29,west,200,7,44.66678172425881,0,0.0,0.0
329,1,29,west,233,7,33.23149553391103,0,0.0,0.0
329,2,29,west,262,7,29.73875672403095,0,0.0,0.0
329,3,29,west,283,7,11.00217977952967,0,0.0,0.0
329,4,29,west,307,7,9.620369157748446,0,0.0,0.0
329,5,29,west,334,8,4.258835027112381,0,0.0,0.0
330,0,59,south,290,0,10.66974233157504,1,0.0,-0.5
330,1,59,south,324,0,6.481841955364043,1,1.1032948937173472,0.6032948937173472
330,2,59,south,357,0,4.787229233503824,1,0.0,-0.5
330,3,59,south,387,0,14.366621541479004,1,0.0,-0.5
330,4,59,south,425,0,26.905975133013925,1,0.0,-0.5
330,5,59,south,454,0,18.808505129102173,1,0.0,-0.5
330,6,59,south,478,0,11.910725590829877,1,0.0,-0.5
331,0,18,north,95,8,29.82514741002968,0,15.594883381653968,15.594883381653968
331,1,18,north,120,8,22.33924204250285,0,9.59700784897648,9.59700784897648
331,2,18,north,149,8,34.00180371682739,0,17.19739879082254,17.19739879082254
331,3,18,north,178,8,24.061779285824844,0,0.0,0.0
331,4,18,north,209,8,12.911772731501298,0,0.0,0.0
331,5,18,north,243,9,18.123705484019645,0,2.1895435091239563,2.1895435091239563
332,0,37,north,349,8,131.46552740967573,0,0.0,0.0
332,1,37,north,384,9,128.7505321978277,0,37.04338327115157,37.04338327115157
332,2,37,north,423,9,132.62070346210103,0,21.707823956352758,21.707823956352758
332,3,37,north,448,9,144.24619766284619,0,0.0,0.0
332,4,37,north,477,10,147.79956016836482,0,0.0,0.0
332,5,37,north,509,10,161.98205379433753,0,0.0,0.0
332,6,37,north,539,10,168.8055203867668,0,0.0,0.0
332,7,37,north,560,10,191.04768309429096,0,0.0,0.0
333,0,24,north,110,4,2.3958462471142794,0,0.0,0.0
333,1,24,north,131,4,13.165961696596414,0,0.0,0.0
333,2,24,north,151,4,20.20841749372228,0,2.885338930944563,2.885338930944563
333,3,24,north,185,4,1.0,0,19.39783549953536,19.39783549953536
333,4,24,north,219,4,1.0,0,9.731478364460608,9.731478364460608
333,5,24,north,254,5,1.0,0,0.0,0.0
333,6,24,north,277,6,9.727983519230039,0,0.0,0.0
333,7,24,north,315,6,27.555996016977822,0,13.692026881613891,13.692026881613891
333,8,24,north,350,6,38.0782753601844,0,23.207098821978047,23.207098821978047
334,0,44,south,330,1,17.977336594489085,1,4.5238389245683095,4.0238389245683095
334,1,44,south,367,1,20.96158560452432,1,0.0,-0.5
334,2,44,south,395,1,24.73666055487738,1,0.0,-0.5
334,3,44,south,421,1,29.408407285027135,1,0.0,-0.5
334,4,44,south,460,2,50.24791725110548,1,0.0,-0.5
334,5,44,south,498,2,34.750940403180174,1,0.0,-0.5
334,6,44,south,534,2,6.23888914739598,1,0.0,-0.5
334,7,44,south,554,3,1.0,0,23.49998617218833,23.49998617218833
335,0,48,north,360,5,104.26484483589952,0,0.0,0.0
335,1,48,north,394,5,105.04537500655118,0,0.0,0.0
335,2,48,north,418,5,98.83213989696502,0,0.0,0.0
335,3,48,north,447,5,113.37244772120309,0,0.0,0.0
336,0,47,west,74,2,43.43746225068284,0,0.0,0.0
336,1,47,west,104,2,47.199517627885406,0,0.0,0.0
336,2,47,west,143,3,63.54945302855782,0,0.0,0.0
336,3,47,west,177,3,43.02797715346586,0,0.0,0.0
336,4,47,west,215,3,39.25343189720864,0,0.0,0.0
336,5,47,west,236,3,62.08256612142138,0,0.0,0.0
336,6,47,west,272,3,72.99715688644721,0,0.0,0.0
337,0,46,south,278,7,9.6970237951098,0,0.0,0.0
337,1,46,south,310,8,29.849814295267414,0,0.0,0.0
337,2,46,south,345,8,30.42598893946483,0,16.57711673240777,16.57711673240777
337,3,46,south,382,8,28.591535044938244,0,58.323029357735074,58.323029357735074
337,4,46,south,404,8,26.68537896378047,0,0.0,0.0
338,0,46,north,209,0,5.117319266802065,1,0.0,-0.5
338,1,46,north,248,0,1.0,1,31.081480577696432,30.581480577696432
338,2,46,north,282,0,12.375119708067366,1,0.0,-0.5
338,3,46,north,305,0,2.439851383303118,1,1.6838994868501584,1.1838994868501584
338,4,46,north,335,0,1.0,1,0.0,-0.5
338,5,46,north,366,0,2.0891738757024063,1,0.0,-0.5
338,6,46,north,390,0,4.889091272091042,1,0.0,-0.5
338,7,46,north,415,0,8.580087077811518,1,0.0,-0.5
338,8,46,north,435,0,11.018375305237846,1,0.0,-0.5
339,0,67,east,312,1,1.0,1,12.864979817909148,12.364979817909148
339,1,67,east,343,1,1.0,1,20.223952074158667,19.723952074158667
339,2,67,east,370,1,4.209813874080958,1,0.0,-0.5
339,3,67,east,393,1,12.839687308766322,1,0.0,-0.5
339,4,67,east,417,1,7.280692722714855,1,0.0,-0.5
340,0,41,north,187,1,39.211109533879224,1,0.0,-0.5
340,1,41,north,223,1,41.356098975267315,1,0.0,-0.5
340,2,41,north,251,1,37.14585632459837,1,0.0,-0.5
340,3,41,north,283,1,28.722275769562096,1,0.0,-0.5
341,0,53,south,214,4,186.78132111965226,0,0.0,0.0
341,1,53,south,234,4,208.8506640868082,0,0.0,0.0
341,2,53,south,254,4,217.1336032537687,0,69.30626232174545,69.30626232174545
341,3,53,south,280,4,209.8207762201347,0,4.8299312220391055,4.8299312220391055
341,4,53,south,318,4,221.49274027441854,0,0.0,0.0
342,0,20,south,224,6,4.040054059011683,0,14.50587548933631,14.50587548933631
342,1,20,south,262,6,1.0,0,0.0,0.0
342,2,20,south,297,6,1.0,0,0.0,0.0
342,3,20,south,320,7,3.507270534475003,0,0.0,0.0
342,4,20,south,351,7,1.0,0,0.0,0.0
342,5,20,south,373,7,1.0,0,0.0,0.0
342,6,20,south,408,7,8.578450899300762,0,0.0,0.0
342,7,20,south,437,7,1.0,0,5.454744352867597,5.454744352867597
343,0,27,west,256,2,42.58410237171813,1,0.0,-0.5
343,1,27,west,292,2,48.18830429346018,1,0.0,-0.5
343,2,27,west,316,2,51.008835144473586,1,0.0,-0.5
343,3,27,west,346,2,66.63036806380474,1,0.0,-0.5
343,4,27,west,377,2,55.625743209223174,1,0.0,-0.5
343,5,27,west,409,2,54.84654465480365,1,0.0,-0.5
344,0,26,west,202,3,84.66784312755772,0,0.0,0.0
344,1,26,west,225,3,107.32706697644535,0,0.0,0.0
344,2,26,west,249,3,115.33058449974197,0,18.292919982431574,18.292919982431574
344,3,26,west,270,3,114.42883043355287,0,0.0,0.0
345,0,48,east,214,9,9.032527590689003,0,5.577468216267815,5.577468216267815
345,1,48,east,236,9,3.2944336879724005,0,0.0,0.0
345,2,48,east,256,9,25.090660530825097,0,0.0,0.0
345,3,48,east,295,9,24.28709748799958,0,0.0,0.0
345,4,48,east,317,9,29.953546007776634,0,0.0,0.0
346,0,32,east,236,7,7.184963767156058,0,0.0,0.0
346,1,32,east,265,7,7.394363796915126,0,0.0,0.0
346,2,32,east,304,7,26.446146360531607,0,0.0,0.0
346,3,32,east,341,7,21.523140028490417,0,0.0,0.0
346,4,32,east,367,7,20.812775793062816,0,4.4445307528592535,4.4445307528592535
346,5,32,east,402,7,24.032652803580362,0,0.0,0.0
346,6,32,east,424,7,26.055042974794464,0,0.0,0.0
346,7,32,east,448,8,14.790668205883918,0,0.0,0.0
346,8,32,east,486,8,4.138225947397874,0,0.0,0.0
347,0,35,north,356,4,1.0,0,0.0,0.0
347,1,35,north,385,4,1.0,0,1.5291250277579274,1.5291250277579274
347,2,35,north,405,4,2.6136959343459356,0,0.0,0.0
347,3,35,north,426,4,1.0,0,0.0,0.0
347,4,35,north,462,5,10.35236325883756,0,0.0,0.0
347,5,35,north,497,5,11.859606300732736,0,0.0,0.0
347,6,35,north,529,5,7.949643618609224,0,0.0,0.0
348,0,49,east,301,1,45.19007986878175,1,0.0,-0.5
348,1,49,east,336,1,39.90195212825551,1,0.0,-0.5
348,2,49,east,359,1,35.770430273514236,1,22.985194228836612,22.485194228836612
348,3,49,east,387,1,25.920455590678582,1,0.0,-0.5
348,4,49,east,420,1,29.549813967679725,1,0.0,-0.5
348,5,49,east,448,2,29.257429003674943,1,0.0,-0.5
348,6,49,east,477,2,25.670295735939447,1,0.0,-0.5
349,0,62,north,91,10,3.6659421696186922,0,0.0,0.0
349,1,62,north,114,10,1.4489701465133273,0,0.0,0.0
349,2,62,north,143,10,1.0,0,0.0,0.0
349,3,62,north,181,10,1.0,0,0.0,0.0
349,4,62,north,220,10,1.0,0,0.0,0.0
349,5,62,north,253,10,1.0,0,0.0,0.0
350,0,37,south,318,8,27.18797018592939,0,0.0,0.0
350,1,37,south,341,8,32.672363657577336,0,0.0,0.0
350,2,37,south,364,8,35.17173222266583,0,0.0,0.0
350,3,37,south,393,8,18.59132940319453,0,0.0,0.0
350,4,37,south,416,8,13.627520606564016,0,0.0,0.0
350,5,37,south,451,8,6.977909318696364,0,0.0,0.0
350,6,37,south,485,8,12.232056632015633,0,4.763921819534833,4.763921819534833
351,0,36,south,68,9,56.672496974781055,0,0.0,0.0
351,1,36,south,92,9,67.1866565565382,0,0.0,0.0
351,2,36,south,129,10,39.6947159112709,0,0.0,0.0
351,3,36,south,154,10,45.74883948136601,0,0.0,0.0
352,0,64,east,208,7,119.55999186697356,0,0.0,0.0
352,1,64,east,236,7,119.8735577046706,0,0.0,0.0
352,2,64,east,261,7,114.73827017632708,0,0.0,0.0
352,3,64,east,284,7,109.55773165464744,0,0.0,0.0
352,4,64,east,320,7,119.71887535122336,0,0.0,0.0
352,5,64,east,343,7,129.77049593290016,0,0.0,0.0
353,0,23,west,59,0,25.66151932881148,0,32.41152226153877,32.41152226153877
353,1,23,west,96,0,18.805800267862125,0,17.30289435644869,17.30289435644869
353,2,23,west,130,0,18.00887225464854,1,5.807964417266388,5.307964417266388
353,3,23,west,165,0,24.949608989707706,1,11.336095551690219,10.836095551690219
353,4,23,west,189,0,29.389594195806197,1,25.225547007880696,24.725547007880696
353,5,23,west,218,0,42.04082486374355,1,0.0,-0.5
353,6,23,west,256,0,43.28414077494994,1,8.019644531841564,7.519644531841564
354,0,64,west,278,2,63.37273474466015,1,25.292818927525758,24.792818927525758
354,1,64,west,307,2,86.86272038779018,1,0.0,-0.5
354,2,64,west,344,2,106.75327492606237,1,2.2668849842004186,1.7668849842004186
354,3,64,west,381,2,98.25786380976372,1,0.0,-0.5
354,4,64,west,414,2,76.54651449782095,1,0.0,-0.5
354,5,64,west,438,2,65.6524907892403,1,0.0,-0.5
355,0,18,north,175,9,29.186069904102638,0,0.0,0.0
355,1,18,north,209,9,37.96645352576142,0,15.511301428036314,15.511301428036314
355,2,18,north,233,10,26.065030753873422,0,0.0,0.0
355,3,18,north,255,10,43.741412084408,0,0.0,0.0
355,4,18,north,282,10,43.37918452553461,0,0.0,0.0
356,0,26,west,149,4,6.712431014759442,0,0.0,0.0
356,1,26,west,178,4,29.599211214586163,0,2.6072900296631922,2.6072900296631922
356,2,26,west,216,4,28.282578360631664,0,0.0,0.0
356,3,26,west,236,4,48.594234625089165,0,0.0,0.0
356,4,26,west,274,5,37.19508266858318,0,0.0,0.0
356,5,26,west,305,5,34.65123878604196,0,0.0,0.0
357,0,58,north,304,2,26.61247110517409,1,0.0,-0.5
357,1,58,north,330,2,23.626009920149002,1,0.0,-0.5
357,2,58,north,368,2,15.79445012239126,1,0.0,-0.5
357,3,58,north,406,2,13.023632966428025,1,0.0,-0.5
358,0,67,east,111,1,14.653384012840352,0,0.0,0.0
358,1,67,east,149,1,19.989115471063894,1,0.0,-0.5
358,2,67,east,187,1,19.318676330683548,1,0.0,-0.5
358,3,67,east,213,1,31.715905939781305,1,0.0,-0.5
358,4,67,east,233,1,40.57036968260506,1,0.0,-0.5
358,5,67,east,264,1,54.86164955911999,1,0.0,-0.5
358,6,67,east,291,1,46.71770341377716,1,0.0,-0.5
358,7,67,east,314,1,51.58011237342053,1,0.0,-0.5
359,0,36,north,341,9,16.365519615638647,0,0.0,0.0
359,1,36,north,367,10,26.919739602793374,0,1.7592751803623472,1.7592751803623472
359,2,36,north,394,11,34.487786568914146,0,55.28323675997538,55.28323675997538
359,3,36,north,418,11,33.56228955328198,0,11.661014740015485,11.661014740015485
359,4,36,north,446,11,36.3922049872107,0,0.0,0.0
359,5,36,north,467,12,28.868476727951176,0,0.0,0.0
360,0,59,west,100,6,99.19190077793124,0,2.976109951785996,2.976109951785996
360,1,59,west,126,6,87.39832429747493,0,0.0,0.0
360,2,59,west,156,6,97.06843498032083,0,0.0,0.0
360,3,59,west,192,6,101.63035748188196,0,0.0,0.0
360,4,59,west,231,6,99.64074268435144,0,0.0,0.0
360,5,59,west,259,6,111.9640004194195,0,0.0,0.0
360,6,59,west,280,6,99.78635814685111,0,0.0,0.0
361,0,21,north,181,3,89.7517335374511,0,0.0,0.0
361,1,21,north,214,3,96.37236800208836,0,0.0,0.0
361,2,21,north,248,3,91.91621915471733,0,0.0,0.0
361,3,21,north,282,3,80.74893707232674,0,0.0,0.0
362,0,56,east,209,5,26.22392609136027,0,19.5520310540076,19.5520310540076
362,1,56,east,247,5,30.975411535688373,0,16.093771045994536,16.093771045994536
362,2,56,east,278,5,34.065133217912376,0,4.310301514958084,4.310301514958084
362,3,56,east,311,5,37.05640857912572,0,114.74427971102224,114.74427971102224
362,4,56,east,348,5,32.05975376943171,0,0.0,0.0
362,5,56,east,385,5,26.004531319154125,0,53.721094065466644,53.721094065466644
362,6,56,east,422,5,22.174875760356663,0,82.78453551038632,82.78453551038632
363,0,32,south,260,4,31.00700361958447,0,2.9220515939388116,2.9220515939388116
363,1,32,south,290,4,44.70206262962545,0,0.0,0.0
363,2,32,south,325,4,58.450292077141086,0,0.0,0.0
363,3,32,south,350,5,63.698844446565275,0,0.0,0.0
363,4,32,south,386,5,64.217492455984,0,4.102324009479319,4.102324009479319
363,5,32,south,421,5,52.88776776529532,0,0.0,0.0
363,6,32,south,460,5,36.207088962961095,0,0.0,0.0
363,7,32,south,497,5,26.704065761237782,0,0.0,0.0
363,8,32,south,527,5,26.57647058966242,0,0.0,0.0
364,0,19,west,81,3,48.274490005133785,0,0.0,0.0
364,1,19,west,119,3,66.12461835778966,0,0.0,0.0
364,2,19,west,148,3,60.364836840657524,0,0.0,0.0
364,3,19,west,170,3,52.273193108979704,0,0.0,0.0
365,0,57,east,77,9,60.74766273511891,0,19.578903130366058,19.578903130366058
365,1,57,east,101,10,55.13081500213974,0,4.172531582787357,4.172531582787357
365,2,57,east,122,10,39.356426940136764,0,4.8977197185272265,4.8977197185272265
365,3,57,east,152,10,17.60268446648022,0,0.7121574615167295,0.7121574615167295
365,4,57,east,183,10,27.04926460491214,0,0.0,0.0
365,5,57,east,212,10,35.35535522914979,0,0.0,0.0
366,0,51,west,179,7,1.0,0,0.0,0.0
366,1,51,west,207,7,1.0,0,0.0,0.0
366,2,51,west,244,7,14.117308859567792,0,0.0,0.0
366,3,51,west,278,8,21.090089049749324,0,0.0,0.0
367,0,49,east,319,4,88.67815222992577,0,1.9496944341427782,1.9496944341427782
367,1,49,east,342,4,89.0386737724713,0,0.0,0.0
367,2,49,east,374,4,97.96854165243789,0,0.0,0.0
367,3,49,east,394,4,84.37031416171763,0,0.0,0.0
367,4,49,east,421,4,86.50426500870309,0,0.0,0.0
367,5,49,east,457,4,96.23322269715594,0,0.0,0.0
367,6,49,east,495,4,96.70812573244285,0,4.254286211790759,4.254286211790759
367,7,49,east,533,4,90.41782059551196,0,4.720005641109273,4.720005641109273
367,8,49,east,555,4,92.68998925010463,0,4.079398518190572,4.079398518190572
368,0,26,north,102,0,25.091836214279528,0,0.0,0.0
368,1,26,north,124,0,31.904404161498093,1,0.0,-0.5
368,2,26,north,162,0,47.409378346935625,1,0.0,-0.5
368,3,26,north,190,0,55.21020252202269,1,0.0,-0.5
368,4,26,north,226,0,47.32328392931608,1,0.0,-0.5
368,5,26,north,246,0,50.84651546354739,1,0.0,-0.5
369,0,33,south,340,7,56.15407590311317,0,0.0,0.0
369,1,33,south,360,7,69.1673263469506,0,0.0,0.0
369,2,33,south,383,7,51.23307471904266,0,0.0,0.0
369,3,33,south,411,7,52.17095512927652,0,0.0,0.0
369,4,33,south,436,7,62.184741886955955,0,0.0,0.0
370,0,36,east,155,3,55.435200093529886,0,0.45202154270669076,0.45202154270669076
370,1,36,east,184,4,58.26960223477004,0,3.702385948021751,3.702385948021751
370,2,36,east,204,4,45.50959878869289,0,9.87264334223129,9.87264334223129
370,3,36,east,232,4,55.35558925327537,0,11.866106933722667,11.866106933722667
370,4,36,east,256,4,38.43625237512637,0,2.080547268041887,2.080547268041887
370,5,36,east,280,4,35.13600149199635,0,0.0,0.0
370,6,36,east,315,4,39.02168859821483,0,0.0,0.0
370,7,36,east,344,4,36.8992452043774,0,0.0,0.0
370,8,36,east,370,4,50.11357136400914,0,0.0,0.0
371,0,47,north,294,3,30.621649948442986,0,0.0,0.0
371,1,47,north,329,3,21.379209319365234,0,0.0,0.0
371,2,47,north,357,3,25.14230820821949,0,0.5282065372093006,0.5282065372093006
371,3,47,north,387,3,12.502060210430859,0,58.86864447233599,58.86864447233599
371,4,47,north,415,4,1.2749294087769023,0,0.0,0.0
371,5,47,north,441,4,4.795261423443587,0,0.0,0.0
372,0,43,north,392,10,15.115721259551899,0,0.0,0.0
372,1,43,north,426,10,11.458019875668164,0,0.0,0.0
372,2,43,north,455,11,12.084001773894496,0,0.0,0.0
372,3,43,north,491,11,1.0,0,0.0,0.0
372,4,43,north,513,11,5.997306737949688,0,0.0,0.0
372,5,43,north,551,11,22.063180458368503,0,0.0,0.0
372,6,43,north,585,12,32.03325121007196,0,0.0,0.0
372,7,43,north,606,13,23.256672021153662,0,0.0,0.0
372,8,43,north,641,13,26.654169848191074,0,0.0,0.0
373,0,35,west,339,9,103.1693411055847,0,0.0,0.0
373,1,35,west,366,9,103.46761842556779,0,0.0,0.0
373,2,35,west,389,10,101.9388946768131,0,0.0,0.0
373,3,35,west,412,10,99.63657165977882,0,0.0,0.0
373,4,35,west,433,10,108.39935251589394,0,0.0,0.0
373,5,35,west,469,10,106.25944268869135,0,0.0,0.0
373,6,35,west,506,10,112.6009530228503,0,0.0,0.0
373,7,35,west,538,10,110.06857257362478,0,0.0,0.0
373,8,35,west,563,10,119.1813524330185,0,0.0,0.0
374,0,73,south,190,1,1.0,1,0.0,-0.5
374,1,73,south,213,1,13.960873406924499,1,0.0,-0.5
374,2,73,south,245,2,25.46598717340988,1,0.0,-0.5
374,3,73,south,276,2,20.67939052950515,1,0.0,-0.5
375,0,18,north,167,3,38.53233174000515,0,0.0,0.0
375,1,18,north,202,3,44.42296445133088,0,0.0,0.0
375,2,18,north,232,3,56.201243848411025,0,0.0,0.0
375,3,18,north,255,3,57.661678594618145,0,0.0,0.0
375,4,18,north,283,4,57.04683926697341,0,0.0,0.0
376,0,26,south,325,2,51.35260953052246,1,10.19002718956597,9.69002718956597
376,1,26,south,360,2,57.3930752344432,1,0.0,-0.5
376,2,26,south,390,2,67.92007460359928,1,0.0,-0.5
376,3,26,south,423,2,82.73216822223058,1,0.0,-0.5
376,4,26,south,443,2,94.11860404086764,1,0.0,-0.5
376,5,26,south,464,2,106.1998369229531,1,0.0,-0.5
377,0,43,south,131,3,43.50344756550143,0,0.0,0.0
377,1,43,south,167,3,57.52557741407747,0,0.0,0.0
377,2,43,south,192,3,67.68253803284404,0,0.0,0.0
377,3,43,south,222,3,55.03537214439403,0,0.0,0.0
377,4,43,south,260,3,61.25247363532318,0,0.0,0.0
377,5,43,south,294,3,54.981945687950784,0,0.0,0.0
377,6,43,south,317,3,40.77584595203912,0,0.0,0.0
377,7,43,south,347,3,52.32061852981274,0,0.0,0.0
378,0,36,north,242,8,120.80111404918622,0,0.0,0.0
378,1,36,north,277,8,112.99048008876136,0,0.0,0.0
378,2,36,north,307,8,104.63457108165515,0,0.0,0.0
378,3,36,north,342,8,127.34511871903406,0,0.0,0.0
378,4,36,north,365,8,113.96466194570134,0,0.0,0.0
378,5,36,north,403,8,111.59988424395796,0,0.0,0.0
378,6,36,north,428,8,107.14515156220443,0,0.0,0.0
378,7,36,north,454,9,98.92607433663545,0,0.0,0.0
378,8,36,north,476,9,103.44399718336246,0,0.0,0.0
379,0,33,east,73,4,1.0,0,0.0,0.0
379,1,33,east,103,4,6.902466508823377,0,3.9097359212126057,3.9097359212126057
379,2,33,east,135,4,9.827195152702837,0,0.04466290519216918,0.04466290519216918
379,3,33,east,161,4,1.0,0,0.0,0.0
379,4,33,east,200,4,1.0,0,0.0,0.0
379,5,33,east,229,4,3.450529065528743,0,0.0,0.0
379,6,33,east,263,4,12.518436406696075,0,0.0,0.0
379,7,33,east,291,5,26.22189509881899,0,0.0,0.0
379,8,33,east,327,5,26.12632935949833,0,0.0,0.0
380,0,46,south,60,2,32.190503489667606,0,0.0,0.0
380,1,46,south,90,2,29.967658337668876,0,0.0,0.0
380,2,46,south,116,2,25.346406926472813,0,0.0,0.0
380,3,46,south,150,2,28.921318757162545,1,5.722123353181445,5.222123353181445
380,4,46,south,176,2,43.29583325216639,1,0.0,-0.5
380,5,46,south,199,2,39.939151890998744,1,0.0,-0.5
380,6,46,south,238,2,38.792162318264594,1,0.0,-0.5
381,0,70,north,241,4,11.594002298361682,0,0.0,0.0
381,1,70,north,275,4,9.325195487895336,0,0.0,0.0
381,2,70,north,306,4,4.4090957889596645,0,0.0,0.0
381,3,70,north,343,4,1.0,0,0.0,0.0
381,4,70,north,376,4,1.0,0,0.0,0.0
382,0,27,south,255,1,78.20594499837514,1,0.0,-0.5
382,1,27,south,285,1,87.91207362590713,1,0.0,-0.5
382,2,27,south,324,1,91.19684678694325,1,0.0,-0.5
382,3,27,south,353,1,82.34636846189943,1,0.0,-0.5
382,4,27,south,387,1,80.57589289210597,1,0.0,-0.5
382,5,27,south,422,1,63.28680908629663,1,0.0,-0.5
382,6,27,south,454,1,58.09741272428216,1,0.0,-0.5
382,7,27,south,491,1,68.07255027672788,1,0.0,-0.5
382,8,27,south,521,1,65.42204463329423,1,0.0,-0.5
383,0,32,south,44,7,57.33644397174675,0,8.452367902415766,8.452367902415766
383,1,32,south,66,7,52.116567840237394,0,0.3792431779269632,0.3792431779269632
383,2,32,south,88,8,60.10178016651268,0,23.73276508172403,23.73276508172403
383,3,32,south,114,9,36.39322764301978,0,42.7391600954579,42.7391600954579
383,4,32,south,150,9,32.22444411850074,0,20.802113015286537,20.802113015286537
383,5,32,south,176,9,17.6754862378992,0,4.040276835499784,4.040276835499784
383,6,32,south,198,9,29.87424654044881,0,16.70855615267478,16.70855615267478
384,0,67,north,335,6,21.93370425043151,0,0.0,0.0
384,1,67,north,374,6,25.832705806009937,0,0.0,0.0
384,2,67,north,401,7,27.14220701728666,0,0.0,0.0
384,3,67,north,427,7,17.149776284436996,0,20.206040746301632,20.206040746301632
384,4,67,north,459,7,13.945055247646243,0,0.0,0.0
384,5,67,north,479,7,1.0,0,9.737112225352979,9.737112225352979
384,6,67,north,513,8,14.18015617534134,0,0.0,0.0
384,7,67,north,547,8,17.7852039689584,0,0.0,0.0
384,8,67,north,585,8,29.934868497786898,0,0.0,0.0
385,0,58,north,231,5,25.932003241579917,0,0.0,0.0
385,1,58,north,266,5,26.52481373491484,0,0.0,0.0
385,2,58,north,289,5,31.806029173822154,0,0.0,0.0
385,3,58,north,314,5,28.33333860769886,0,0.0,0.0
385,4,58,north,352,5,23.744625926964314,0,0.0,0.0
385,5,58,north,388,6,25.23138545679956,0,0.0,0.0
385,6,58,north,426,6,18.689508014995454,0,0.0,0.0
385,7,58,north,461,6,23.449680402389404,0,0.0,0.0
385,8,58,north,490,6,27.525970062286724,0,0.0,0.0
386,0,29,south,311,2,49.878701374636194,1,0.0,-0.5
386,1,29,south,334,3,42.96552159857433,0,0.0,0.0
386,2,29,south,373,3,33.037449348885126,0,0.0,0.0
386,3,29,south,393,3,29.271583819277385,0,14.04116426224358,14.04116426224358
386,4,29,south,429,3,33.32677828106746,0,0.0,0.0
386,5,29,south,468,3,36.31448814012512,0,0.0,0.0
386,6,29,south,503,3,38.382632513209565,0,0.0,0.0
386,7,29,south,536,3,36.19690297800043,0,0.0,0.0
386,8,29,south,561,3,55.11267808017088,0,0.0,0.0
387,0,32,north,178,2,60.06947215170192,1,0.0,-0.5
387,1,32,north,214,3,54.89590642874638,0,0.0,0.0
387,2,32,north,234,3,57.08346714280399,0,13.511391279302448,13.511391279302448
387,3,32,north,268,3,44.591327527739786,0,0.0,0.0
387,4,32,north,305,3,54.87770786030961,0,0.0,0.0
387,5,32,north,327,3,42.35170299884792,0,0.0,0.0
387,6,32,north,347,3,35.080657470786576,0,0.0,0.0
387,7,32,north,379,3,27.159518616283606,0,0.0,0.0
387,8,32,north,418,4,5.4111954863058855,0,0.0,0.0
388,0,59,north,272,1,26.780964089568645,1,0.0,-0.5
388,1,59,north,293,1,33.37281137948461,1,0.0,-0.5
388,2,59,north,319,1,13.43587645203267,1,0.0,-0.5
388,3,59,north,352,1,16.84673014230984,1,0.0,-0.5
388,4,59,north,386,1,22.659340646758515,1,0.0,-0.5
388,5,59,north,407,1,27.26606041219798,1,0.0,-0.5
388,6,59,north,431,1,44.675536023298555,1,0.0,-0.5
388,7,59,north,459,1,50.77395813300615,1,0.0,-0.5
388,8,59,north,482,1,50.21393955374802,1,0.0,-0.5
389,0,31,east,167,1,162.2926399249232,1,0.0,-0.5
389,1,31,east,196,1,175.30924960375233,1,0.0,-0.5
389,2,31,east,234,1,181.015732858107,1,0.0,-0.5
389,3,31,east,267,1,172.97478130630552,1,0.0,-0.5
389,4,31,east,292,1,163.40876800521158,1,6.720021128828819,6.220021128828819
389,5,31,east,315,1,142.30492627721412,1,0.0,-0.5
389,6,31,east,340,1,153.72052271514616,1,0.0,-0.5
389,7,31,east,369,1,145.43841003046234,1,0.0,-0.5
389,8,31,east,408,1,149.55045501379158,1,0.0,-0.5
390,0,27,west,332,5,46.046257737360946,0,0.0,0.0
390,1,27,west,370,5,60.615765274851995,0,0.0,0.0
390,2,27,west,392,5,65.22576705387064,0,0.0,0.0
390,3,27,west,426,5,68.66125052964277,0,0.0,0.0
390,4,27,west,462,5,67.23281847904629,0,0.0,0.0
391,0,36,south,121,7,1.0,0,0.0,0.0
391,1,36,south,142,7,15.624800789231788,0,1.059536629379329,1.059536629379329
391,2,36,south,164,7,1.0,0,0.0,0.0
391,3,36,south,189,7,2.089430323564053,0,0.0,0.0
391,4,36,south,210,7,10.899412211724389,0,0.0,0.0
392,0,42,south,219,0,14.354823175082348,1,0.0,-0.5
392,1,42,south,248,0,22.598873469581925,1,0.0,-0.5
392,2,42,south,271,1,7.652696951896882,1,23.918460087504755,23.418460087504755
392,3,42,south,302,1,4.344294429963698,1,0.0,-0.5
392,4,42,south,330,1,1.0,1,0.0,-0.5
393,0,63,south,212,1,11.184032534381164,1,0.0,-0.5
393,1,63,south,235,1,20.702151714696974,1,0.0,-0.5
393,2,63,south,259,1,28.07805480720279,1,0.0,-0.5
393,3,63,south,294,1,27.68838144918065,1,12.198015443224548,11.698015443224548
394,0,27,north,46,1,20.611165981591785,0,0.0,0.0
394,1,27,north,74,1,33.87955106964281,0,2.943581838797114,2.943581838797114
394,2,27,north,105,1,35.722550308569225,0,0.0,0.0
394,3,27,north,139,1,48.466768924814154,1,0.0,-0.5
394,4,27,north,173,1,61.96748328080634,1,0.0,-0.5
394,5,27,north,198,1,87.6398385601092,1,0.0,-0.5
395,0,48,west,284,2,32.030765282664035,1,0.0,-0.5
395,1,48,west,305,2,31.94896902941238,1,1.8238391940036995,1.3238391940036995
395,2,48,west,339,2,28.3675597562584,1,0.0,-0.5
395,3,48,west,375,2,37.43757970123955,1,0.0,-0.5
395,4,48,west,405,2,47.769541773892996,1,0.0,-0.5
395,5,48,west,437,3,46.371503034765325,0,0.0,0.0
396,0,44,west,48,5,153.74915686236346,0,1.3991311867525995,1.3991311867525995
396,1,44,west,82,5,152.33463600233011,0,6.741304380321237,6.741304380321237
396,2,44,west,110,5,150.87051640757832,0,0.0,0.0
396,3,44,west,147,5,148.4567332667744,0,0.0,0.0
397,0,26,west,381,7,85.47262483682793,0,0.0,0.0
397,1,26,west,410,8,69.63235995772584,0,8.297011935920072,8.297011935920072
397,2,26,west,431,8,59.54943777646828,0,0.0,0.0
397,3,26,west,461,8,84.47729078429815,0,0.0,0.0
397,4,26,west,500,8,80.90008092987985,0,0.0,0.0
397,5,26,west,533,8,71.82362707797475,0,0.0,0.0
398,0,68,west,300,3,8.775021837641683,0,0.0,0.0
398,1,68,west,322,3,10.398015719856241,0,0.0,0.0
398,2,68,west,359,3,23.956567369307862,0,0.0,0.0
398,3,68,west,394,3,26.0161599860983,0,101.39823262840133,101.39823262840133
399,0,29,north,337,8,13.642394944887936,0,0.0,0.0
399,1,29,north,359,8,20.89797726356332,0,0.0,0.0
399,2,29,north,390,8,8.18893514458103,0,0.0,0.0
399,3,29,north,412,9,1.0,0,0.0,0.0
400,0,57,south,119,7,18.306594021066854,0,0.0,0.0
400,1,57,south,145,7,10.26921430828621,0,0.0,0.0
400,2,57,south,172,7,17.905914634102917,0,0.0,0.0
400,3,57,south,194,7,21.181490989582908,0,0.0,0.0
400,4,57,south,220,7,30.952950063018015,0,0.0,0.0
400,5,57,south,247,7,26.679559963714045,0,0.0,0.0
400,6,57,south,285,7,23.356022213817084,0,0.0,0.0
400,7,57,south,322,7,27.712165889269897,0,0.0,0.0
401,0,59,west,107,0,4.263716657507922,0,0.0,0.0
401,1,59,west,127,0,13.009758403199942,1,0.0,-0.5
401,2,59,west,157,0,1.0,1,0.0,-0.5
401,3,59,west,185,0,1.0,1,0.0,-0.5
402,0,51,south,360,0,45.80938625709908,1,0.0,-0.5
402,1,51,south,398,0,40.66506375940958,1,0.0,-0.5
402,2,51,south,425,0,26.46428176456186,1,0.0,-0.5
402,3,51,south,451,0,34.60429958247489,1,0.0,-0.5
403,0,55,south,127,0,149.75789097165392,1,0.2721081375800687,-0.2278918624199313
403,1,55,south,162,0,151.70205215013522,1,12.81479376818451,12.31479376818451
403,2,55,south,197,0,161.42666773767263,1,47.15910153426388,46.65910153426388
403,3,55,south,233,0,173.88546429413933,1,11.323284001108519,10.823284001108519
404,0,28,west,320,4,1.0,0,1.9539578026234312,1.9539578026234312
404,1,28,west,340,4,13.681433641279995,0,26.216313313866866,26.216313313866866
404,2,28,west,375,4,10.985216512230288,0,0.0,0.0
404,3,28,west,408,4,20.162038201286833,0,0.0,0.0
404,4,28,west,436,4,19.52871725161348,0,0.0,0.0
405,0,63,north,343,6,135.60780947197918,0,0.0,0.0
405,1,63,north,367,6,139.86053434319103,0,0.0,0.0
405,2,63,north,393,6,125.49307279165653,0,0.0,0.0
405,3,63,north,428,6,147.99837225862694,0,0.0,0.0
405,4,63,north,456,6,160.99199687970645,0,0.0,0.0
405,5,63,north,479,6,175.6964099949274,0,0.0,0.0
406,0,23,north,313,0,118.26225804451492,1,0.0,-0.5
406,1,23,north,343,0,129.82255955357715,1,0.0,-0.5
406,2,23,north,367,0,122.15801057374341,1,0.0,-0.5
406,3,23,north,398,0,126.62435187025339,1,0.0,-0.5
406,4,23,north,435,0,129.5846463566246,1,0.0,-0.5
407,0,74,west,374,6,35.00625720573029,0,1.1770978189105297,1.1770978189105297
407,1,74,west,397,6,45.19734508936831,0,0.0,0.0
407,2,74,west,436,6,40.22331737338578,0,0.0,0.0
407,3,74,west,458,6,20.34457710755437,0,8.171204286892742,8.171204286892742
407,4,74,west,492,6,34.32043444253178,0,0.0,0.0
407,5,74,west,522,6,34.38790006575953,0,0.0,0.0
407,6,74,west,555,6,28.49444602243254,0,0.0,0.0
408,0,25,east,74,9,27.544414949964427,0,5.30188174193569,5.30188174193569
408,1,25,east,101,9,32.66247438414278,0,0.0,0.0
408,2,25,east,125,9,47.94614110645177,0,0.0,0.0
408,3,25,east,147,9,39.58071483056981,0,0.0,0.0
409,0,42,east,326,5,38.60190549112402,0,0.0,0.0
409,1,42,east,348,5,34.54757175768185,0,0.0,0.0
409,2,42,east,385,5,54.02610386206672,0,0.0,0.0
409,3,42,east,423,5,64.67608728851471,0,0.0,0.0
409,4,42,east,456,5,61.28553767895256,0,0.0,0.0
409,5,42,east,478,5,50.335891849643204,0,5.179263351995836,5.179263351995836
410,0,28,east,326,7,1.0,0,0.0,0.0
410,1,28,east,365,7,12.664527569763976,0,0.0,0.0
410,2,28,east,404,7,13.784681384529648,0,0.0,0.0
410,3,28,east,439,7,26.04411586151806,0,1.3652407101319013,1.3652407101319013
410,4,28,east,476,7,15.362985130941897,0,0.0,0.0
410,5,28,east,515,7,24.890211095521785,0,0.0,0.0
411,0,25,north,282,8,108.04953540448702,0,0.0,0.0
411,1,25,north,309,8,119.12370578487665,0,0.0,0.0
411,2,25,north,339,9,101.9151207108733,0,0.0,0.0
411,3,25,north,374,9,104.85200273563667,0,0.0,0.0
411,4,25,north,395,9,104.59960047249383,0,0.0,0.0
411,5,25,north,425,10,121.52442098570815,0,0.0,0.0
411,6,25,north,449,10,116.39092632124748,0,0.0,0.0
412,0,60,west,87,4,42.99918814783561,0,0.0,0.0
412,1,60,west,107,4,19.21349945415971,0,0.0,0.0
412,2,60,west,127,4,25.39136421232267,0,3.10264245814192,3.10264245814192
412,3,60,west,158,4,7.6466599195550025,0,0.0,0.0
412,4,60,west,195,4,13.282400387556777,0,0.0,0.0
412,5,60,west,226,4,22.264740666273987,0,0.0,0.0
412,6,60,west,262,4,48.78429638359522,0,0.0,0.0
413,0,55,west,45,3,10.583686903757268,0,39.96431104879661,39.96431104879661
413,1,55,west,65,3,21.41845965580843,0,3.501568411463649,3.501568411463649
413,2,55,west,92,3,17.121393112881435,0,39.778713501028285,39.778713501028285
413,3,55,west,121,3,28.211960449582946,0,35.637303729248266,35.637303729248266
413,4,55,west,143,3,23.29713294732766,0,0.0,0.0
413,5,55,west,177,3,31.128635993006817,0,23.305197210113974,23.305197210113974
413,6,55,west,205,3,30.96327912838122,0,39.73448133973671,39.73448133973671
413,7,55,west,231,3,17.399755671749887,0,0.0,0.0
413,8,55,west,270,4,18.695775404839466,0,12.671476401326215,12.671476401326215
414,0,20,west,120,4,1.3378047714771317,0,0.0,0.0
414,1,20,west,142,4,1.0,0,6.406256159101784,6.406256159101784
414,2,20,west,166,4,1.0,0,0.0,0.0
414,3,20,west,193,4,5.569522104396516,0,0.0,0.0
415,0,43,south,60,3,5.4221888818139945,0,16.565031356402688,16.565031356402688
415,1,43,south,94,3,4.275346945418804,0,21.104322790394804,21.104322790394804
415,2,43,south,129,3,5.786353158896949,0,29.534273240532706,29.534273240532706
415,3,43,south,150,3,1.0,0,0.0,0.0
415,4,43,south,170,3,1.0,0,36.9351860026089,36.9351860026089
415,5,43,south,209,3,1.0,0,6.5835851019867135,6.5835851019867135
415,6,43,south,242,4,1.0,0,4.447642324990869,4.447642324990869
416,0,67,south,281,2,1.0,1,0.0,-0.5
416,1,67,south,316,2,18.25503705486132,1,0.0,-0.5
416,2,67,south,354,2,32.772845444536046,1,0.0,-0.5
416,3,67,south,381,2,18.88051387089194,1,0.0,-0.5
416,4,67,south,415,2,20.306528434425367,1,0.0,-0.5
417,0,37,south,261,9,1.0,0,0.0,0.0
417,1,37,south,299,9,8.905707666538525,0,0.0,0.0
417,2,37,south,330,9,15.231593075702802,0,0.0,0.0
417,3,37,south,351,10,1.2546064740646834,0,0.0,0.0
418,0,25,east,49,3,48.134781492276105,0,0.0,0.0
418,1,25,east,88,3,62.350736530327126,0,0.0,0.0
418,2,25,east,114,3,58.58135549530217,0,0.0,0.0
418,3,25,east,137,3,77.74450864524545,0,0.0,0.0
418,4,25,east,158,3,62.24114443738368,0,0.0,0.0
418,5,25,east,191,3,63.67817987967383,0,0.0,0.0
418,6,25,east,224,3,54.240143726264535,0,0.0,0.0
418,7,25,east,260,3,63.40220190721413,0,0.0,0.0
418,8,25,east,296,3,61.54462983908842,0,0.0,0.0
419,0,53,east,123,2,2.402216857207531,1,1.2325914425155449,0.7325914425155449
419,1,53,east,158,2,1.0,1,0.0,-0.5
419,2,53,east,183,2,1.0,1,0.0,-0.5
419,3,53,east,216,2,1.5679557473165489,1,0.0,-0.5
419,4,53,east,251,2,1.0,1,0.0,-0.5
420,0,37,west,203,0,73.29613723689049,1,0.2951381126381236,-0.20486188736187638
420,1,37,west,235,0,87.75333433791344,1,0.0,-0.5
420,2,37,west,262,0,89.58524559564802,1,25.138115038826633,24.638115038826633
420,3,37,west,283,0,89.80577216788934,1,0.0,-0.5
420,4,37,west,310,0,100.95294227480657,1,0.0,-0.5
420,5,37,west,335,0,99.78992361539734,1,0.0,-0.5
420,6,37,west,355,0,95.32168634632123,1,0.0,-0.5
420,7,37,west,376,1,87.01333785651124,1,0.0,-0.5
420,8,37,west,404,1,103.03425653867777,1,0.0,-0.5
421,0,52,west,90,3,13.70008533165225,0,36.922009341293816,36.922009341293816
421,1,52,west,127,3,36.21136560424344,0,35.05600748356907,35.05600748356907
421,2,52,west,148,3,41.18436294949117,0,7.3559723826276935,7.3559723826276935
421,3,52,west,171,3,33.21379669635506,0,0.0,0.0
421,4,52,west,201,3,35.998544643338846,0,0.0,0.0
421,5,52,west,229,3,24.637699305172625,0,11.531623587924177,11.531623587924177
421,6,52,west,257,3,38.076595666795654,0,3.1449356931242285,3.1449356931242285
421,7,52,west,281,3,49.016367077362666,0,17.392819137294936,17.392819137294936
421,8,52,west,308,3,53.79705738802562,0,58.053991025401295,58.053991025401295
422,0,72,east,217,8,95.53913803364985,0,4.099734707594327,4.099734707594327
422,1,72,east,242,8,93.42449857357734,0,0.0,0.0
422,2,72,east,266,8,105.53614583607845,0,0.0,0.0
422,3,72,east,292,8,107.10487917514067,0,0.0,0.0
422,4,72,east,329,9,99.04023776011745,0,0.0,0.0
422,5,72,east,359,9,106.11845395807532,0,0.0,0.0
422,6,72,east,396,9,111.57354661561013,0,0.0,0.0
423,0,55,east,200,7,54.189431169197356,0,0.0,0.0
423,1,55,east,235,8,56.694324565039665,0,0.0,0.0
423,2,55,east,255,8,80.63741600691566,0,0.0,0.0
423,3,55,east,282,8,87.92524150384352,0,0.0,0.0
423,4,55,east,311,8,91.12535353273255,0,0.0,0.0
423,5,55,east,343,8,89.64138111089883,0,0.0,0.0
424,0,25,south,289,9,43.49744625700976,0,0.0,0.0
424,1,25,south,309,9,48.82349247540736,0,0.0,0.0
424,2,25,south,347,9,57.848251504066575,0,0.0,0.0
424,3,25,south,376,9,61.82419019613925,0,0.0,0.0
424,4,25,south,400,10,47.64793961676069,0,0.0,0.0
425,0,30,south,360,5,19.12639968035269,0,0.0,0.0
425,1,30,south,395,5,13.069704098689712,0,0.0,0.0
425,2,30,south,425,5,1.0,0,0.0,0.0
425,3,30,south,454,6,1.0,0,0.0,0.0
425,4,30,south,474,6,1.0,0,0.0,0.0
426,0,70,north,48,7,32.26145918744512,0,0.0,0.0
426,1,70,north,80,7,27.179585222800792,0,0.0,0.0
426,2,70,north,104,7,17.617067355486455,0,0.0,0.0
426,3,70,north,138,7,18.312271157781726,0,0.0,0.0
426,4,70,north,163,7,7.205333463605967,0,0.0,0.0
426,5,70,north,183,7,13.084761684487667,0,0.0,0.0
426,6,70,north,208,7,7.58565795172945,0,0.0,0.0
426,7,70,north,239,7,2.0384783076300135,0,0.0,0.0
427,0,49,south,364,3,26.158319958502226,0,0.0,0.0
427,1,49,south,400,3,42.758026738760385,0,0.0,0.0
427,2,49,south,430,3,42.946692692939976,0,0.0,0.0
427,3,49,south,457,4,44.03092404402698,0,0.0,0.0
427,4,49,south,480,4,49.41439640038595,0,0.0,0.0
427,5,49,south,514,4,47.473547662878424,0,0.0,0.0
428,0,18,north,112,3,80.04834149055894,0,0.0,0.0
428,1,18,north,142,3,81.2373397232692,0,0.0,0.0
428,2,18,north,162,4,61.453544062637064,0,3.112050537372889,3.112050537372889
428,3,18,north,190,4,57.7694430248636,0,0.0,0.0
428,4,18,north,213,5,57.97569342141351,0,0.0,0.0
429,0,73,west,221,0,73.91722398691664,1,0.0,-0.5
429,1,73,west,251,0,50.133761916198125,1,0.0,-0.5
429,2,73,west,271,0,57.59172247000491,1,0.0,-0.5
429,3,73,west,308,0,67.9818049496117,1,0.0,-0.5
429,4,73,west,329,0,62.631577373837665,1,0.0,-0.5
429,5,73,west,350,0,58.6500192405124,1,0.0,-0.5
429,6,73,west,372,0,50.4428422005704,1,0.0,-0.5
429,7,73,west,407,0,51.3020871946286,1,0.0,-0.5
429,8,73,west,438,0,65.2297718569747,1,0.0,-0.5
430,0,21,south,29,8,74.88255120460283,0,3.9397555063758687,3.9397555063758687
430,1,21,south,51,8,60.50484544754745,0,11.19314657166698,11.19314657166698
430,2,21,south,82,8,42.200553356139636,0,0.0,0.0
430,3,21,south,108,8,56.12169700929982,0,0.0,0.0
430,4,21,south,139,8,58.80909576478367,0,0.0,0.0
430,5,21,south,161,8,42.913299370123354,0,0.0,0.0
431,0,24,north,47,1,13.903183428670676,0,2.753862468300356,2.753862468300356
431,1,24,north,67,1,30.922950257090736,0,6.2620728312113085,6.2620728312113085
431,2,24,north,98,1,26.359500249901618,0,0.0,0.0
431,3,24,north,133,1,13.559483284845488,1,0.0,-0.5
431,4,24,north,157,1,12.998555793733688,1,3.874643499987632,3.374643499987632
431,5,24,north,188,1,33.318711885870805,1,0.0,-0.5
431,6,24,north,212,2,22.26770116301443,1,0.0,-0.5
431,7,24,north,234,2,41.39238185629999,1,7.119958075108491,6.619958075108491
431,8,24,north,271,2,50.68411263270954,1,0.0,-0.5
432,0,21,north,82,2,39.393118828168824,0,0.0,0.0
432,1,21,north,114,2,35.05781685066399,0,0.0,0.0
432,2,21,north,149,2,25.90771313630282,1,0.0,-0.5
432,3,21,north,173,2,29.754606412331803,1,0.0,-0.5
432,4,21,north,204,2,22.93228529613323,1,0.0,-0.5
433,0,61,south,23,5,102.29794456304145,0,0.0,0.0
433,1,61,south,46,5,97.85392511441515,0,0.0,0.0
433,2,61,south,69,5,96.47573082070441,0,2.810727265312088,2.810727265312088
433,3,61,south,100,6,99.42934943521101,0,0.0,0.0
433,4,61,south,123,7,88.48502941821117,0,0.9322805043603887,0.9322805043603887
433,5,61,south,152,7,92.42425048420175,0,0.0,0.0
433,6,61,south,180,7,104.40490414295701,0,0.0,0.0
434,0,70,south,339,1,24.670103490380942,1,0.0,-0.5
434,1,70,south,368,1,21.867563284383575,1,0.0,-0.5
434,2,70,south,400,1,21.2796315020146,1,0.0,-0.5
434,3,70,south,423,1,29.336402700647522,1,0.0,-0.5
434,4,70,south,444,1,10.75133303030816,1,0.0,-0.5
434,5,70,south,464,1,2.1687879397070837,1,0.0,-0.5
434,6,70,south,494,1,1.0,1,3.9468449167346416,3.4468449167346416
434,7,70,south,527,1,1.0,1,0.0,-0.5
435,0,29,east,98,1,52.40752329687213,0,0.0,0.0
435,1,29,east,126,1,47.4474847057099,1,0.0,-0.5
435,2,29,east,151,1,39.16302176213603,1,0.0,-0.5
435,3,29,east,189,1,39.221084216130436,1,0.0,-0.5
435,4,29,east,224,1,35.0187803218893,1,0.0,-0.5
435,5,29,east,253,1,39.17369128014445,1,0.0,-0.5
436,0,40,west,90,0,55.99691656238671,0,0.0,0.0
436,1,40,west,123,0,40.14945127330192,1,0.0,-0.5
436,2,40,west,150,0,32.73799951142969,1,0.0,-0.5
436,3,40,west,186,0,27.383624049832154,1,0.0,-0.5
436,4,40,west,224,0,17.249831670924955,1,0.0,-0.5
436,5,40,west,262,0,1.0,1,0.0,-0.5
436,6,40,west,291,1,1.0,1,0.0,-0.5
436,7,40,west,324,1,8.441308093757431,1,0.0,-0.5
436,8,40,west,355,1,15.986045891762739,1,0.0,-0.5
437,0,70,south,284,7,31.688466738830474,0,0.0,0.0
437,1,70,south,317,7,43.79150396557721,0,0.0,0.0
437,2,70,south,343,7,27.567482413025452,0,0.0,0.0
437,3,70,south,363,7,40.812244665788626,0,0.0,0.0
437,4,70,south,386,7,58.148762356011154,0,0.0,0.0
438,0,66,north,67,0,22.880410120138325,0,0.0,0.0
438,1,66,north,91,0,34.361497423359616,0,0.0,0.0
438,2,66,north,120,0,17.924063628756254,0,0.0,0.0
438,3,66,north,140,0,22.420756930090924,1,0.0,-0.5
438,4,66,north,178,0,33.377271255861,1,0.0,-0.5
439,0,38,east,385,1,1.0,1,0.0,-0.5
439,1,38,east,410,1,6.114556362082917,1,0.0,-0.5
439,2,38,east,438,1,6.703017894370706,1,0.0,-0.5
439,3,38,east,471,1,10.028781905642921,1,0.0,-0.5
439,4,38,east,492,1,5.353240073634658,1,0.0,-0.5
439,5,38,east,530,1,1.0,1,0.0,-0.5
439,6,38,east,550,1,1.0,1,0.0,-0.5
440,0,18,west,235,6,98.78138758560588,0,0.0,0.0
440,1,18,west,259,6,108.23794678392568,0,0.0,0.0
440,2,18,west,281,6,113.49542351020447,0,0.0,0.0
440,3,18,west,314,6,137.19338234311013,0,0.0,0.0
440,4,18,west,335,7,129.2121049983838,0,0.0,0.0
440,5,18,west,372,7,127.86340268352173,0,0.0,0.0
440,6,18,west,401,7,138.159357086228,0,0.0,0.0
440,7,18,west,438,7,139.95635388015816,0,0.0,0.0
441,0,30,south,267,7,262.0683102128414,0,0.0,0.0
441,1,30,south,292,7,273.45793835588705,0,0.0,0.0
441,2,30,south,314,7,275.3593962832552,0,0.0,0.0
441,3,30,south,336,7,282.14073190488097,0,5.92063762829888,5.92063762829888
442,0,74,north,265,3,29.976466296590836,0,0.0,0.0
442,1,74,north,300,3,34.46981610072466,0,0.0,0.0
442,2,74,north,323,3,31.27860940209231,0,0.0,0.0
442,3,74,north,347,3,43.09305315359437,0,0.0,0.0
442,4,74,north,367,3,45.70672736408632,0,0.0,0.0
442,5,74,north,392,4,58.445833120103366,0,0.0,0.0
442,6,74,north,415,4,59.401622500799334,0,0.0,0.0
442,7,74,north,439,4,56.71907937257964,0,0.0,0.0
443,0,72,west,96,7,43.34739418675655,0,0.0,0.0
443,1,72,west,135,7,39.94949281273304,0,1.2385161300086849,1.2385161300086849
443,2,72,west,172,7,36.103395473841125,0,0.0,0.0
443,3,72,west,199,7,18.93871144220814,0,0.0,0.0
443,4,72,west,224,7,22.72717320822865,0,0.0,0.0
443,5,72,west,244,7,11.07789714835403,0,0.0,0.0
443,6,72,west,271,7,15.135724727414836,0,4.730075111127761,4.730075111127761
444,0,64,east,343,2,272.8719273586893,1,0.0,-0.5
444,1,64,east,363,2,279.9094991438051,1,0.0,-0.5
444,2,64,east,393,2,280.3389677319072,1,0.0,-0.5
444,3,64,east,426,2,278.9291493389791,1,0.0,-0.5
444,4,64,east,464,2,296.8553453611997,1,0.5513336893785659,0.05133368937856586
444,5,64,east,486,2,303.0259353225736,1,5.1283464769924505,4.6283464769924505
444,6,64,east,515,2,308.0168898621594,1,0.0,-0.5
444,7,64,east,540,2,311.692988984222,1,0.0,-0.5
444,8,64,east,562,2,305.21324574277185,1,0.0,-0.5
445,0,54,south,224,2,92.74616919071723,1,0.0,-0.5
445,1,54,south,257,2,79.95399234382907,1,0.0,-0.5
445,2,54,south,284,2,90.06872609114913,1,0.0,-0.5
445,3,54,south,322,2,105.23444051843944,1,0.0,-0.5
445,4,54,south,348,2,109.02876213468474,1,0.0,-0.5
445,5,54,south,369,2,111.92204401697512,1,0.0,-0.5
445,6,54,south,402,2,122.90792639347916,1,0.0,-0.5
446,0,31,south,219,1,29.94892350860689,1,0.0,-0.5
446,1,31,south,250,1,46.673132547790686,1,0.0,-0.5
446,2,31,south,286,1,47.31563638887257,1,3.396395859191118,2.896395859191118
446,3,31,south,313,1,51.53069907633947,1,0.0,-0.5
447,0,67,east,312,7,45.29048870368655,0,0.0,0.0
447,1,67,east,345,7,43.19905186767981,0,65.73244241750554,65.73244241750554
447,2,67,east,368,7,45.60598837958629,0,49.915719054134144,49.915719054134144
447,3,67,east,405,7,35.031063639118464,0,19.62515151820814,19.62515151820814
447,4,67,east,428,8,36.80227871840017,0,0.0,0.0
448,0,35,east,331,1,4.533685255251785,1,26.762641438546822,26.262641438546822
448,1,35,east,354,1,1.0,1,0.0,-0.5
448,2,35,east,391,1,1.0,1,5.56627127718687,5.06627127718687
448,3,35,east,430,1,13.140521077111206,1,0.0,-0.5
448,4,35,east,461,1,5.5553831580433926,1,0.0,-0.5
448,5,35,east,496,1,5.625219593109036,1,0.0,-0.5
448,6,35,east,530,1,1.0,1,0.0,-0.5
449,0,36,east,141,2,1.0,1,25.70777418480364,25.20777418480364
449,1,36,east,161,2,1.0,1,33.444774086138715,32.944774086138715
449,2,36,east,193,2,1.0,1,5.874691115765125,5.374691115765125
449,3,36,east,227,2,8.88308243094019,1,16.088127113648873,15.588127113648873
449,4,36,east,265,2,1.0,1,0.0,-0.5
450,0,18,west,354,4,1.0,0,0.0,0.0
450,1,18,west,382,4,1.0,0,9.137634870865226,9.137634870865226
450,2,18,west,417,4,1.0,0,0.0,0.0
450,3,18,west,439,4,16.627042698199087,0,0.0,0.0
450,4,18,west,470,4,5.668176527862283,0,0.0,0.0
450,5,18,west,494,4,1.0,0,0.0,0.0
450,6,18,west,526,4,1.054964441518884,0,0.0,0.0
450,7,18,west,564,4,1.0,0,0.0,0.0
450,8,18,west,600,5,3.0237527959309545,0,0.0,0.0
451,0,22,east,160,7,20.514662572554933,0,0.0,0.0
451,1,22,east,191,7,15.688054911246983,0,0.0,0.0
451,2,22,east,214,7,35.979193327863776,0,0.0,0.0
451,3,22,east,243,7,54.07387457451783,0,0.0,0.0
451,4,22,east,278,7,64.03303631551427,0,0.0,0.0
451,5,22,east,312,8,70.57183184977895,0,0.0,0.0
451,6,22,east,350,8,65.33514029703083,0,0.0,0.0
451,7,22,east,381,8,59.68880813608404,0,0.0,0.0
452,0,38,west,86,7,51.62302832146776,0,0.0,0.0
452,1,38,west,110,7,42.93649212134553,0,12.312515318822747,12.312515318822747
452,2,38,west,149,7,42.25705093482785,0,0.0,0.0
452,3,38,west,172,8,43.22292107554277,0,0.0,0.0
452,4,38,west,207,8,45.22674461825449,0,0.0,0.0
452,5,38,west,246,8,45.418306925235704,0,0.0,0.0
453,0,51,west,193,2,5.662339608650398,1,0.0,-0.5
453,1,51,west,219,2,14.115522955083595,1,15.328544618993233,14.828544618993233
453,2,51,west,239,2,26.973147227855808,1,0.0,-0.5
453,3,51,west,271,2,20.293329249705778,1,0.0,-0.5
453,4,51,west,308,2,9.805366711435358,1,18.275723712323998,17.775723712323998
453,5,51,west,333,2,18.835692008480308,1,12.636492687616132,12.136492687616132
453,6,51,west,353,2,19.730099239130965,1,0.0,-0.5
453,7,51,west,391,2,4.348408595186681,1,0.0,-0.5
454,0,23,north,41,8,352.9146584388782,0,1.1105838792490887,1.1105838792490887
454,1,23,north,79,8,350.8674643838433,0,0.3060053268187934,0.3060053268187934
454,2,23,north,105,8,359.6588146984318,0,19.70298598258665,19.70298598258665
454,3,23,north,127,8,357.90431319213894,0,12.744575298910418,12.744575298910418
454,4,23,north,149,9,367.13430938410545,0,9.673607955061925,9.673607955061925
454,5,23,north,184,9,377.6859257976353,0,56.27317398333945,56.27317398333945
454,6,23,north,217,9,374.99045725225943,0,131.03190726031775,131.03190726031775
454,7,23,north,241,9,389.9316114399724,0,52.93292210693806,52.93292210693806
455,0,35,south,148,4,20.83839589048845,0,0.0,0.0
455,1,35,south,180,4,26.125080031814058,0,0.0,0.0
455,2,35,south,205,4,28.827354164867465,0,0.0,0.0
455,3,35,south,237,5,22.648240693421197,0,18.13465613445115,18.13465613445115
455,4,35,south,273,5,30.875636222768364,0,5.434971906887806,5.434971906887806
455,5,35,south,303,5,35.33140836535017,0,2.6898738191818556,2.6898738191818556
455,6,35,south,327,5,34.87334892718035,0,0.0,0.0
455,7,35,south,356,5,37.01105274889622,0,0.0,0.0
455,8,35,south,377,5,19.717096706767723,0,0.0,0.0
456,0,74,east,175,3,47.406164962465645,0,3.446322972418357,3.446322972418357
456,1,74,east,212,3,52.31274058548608,0,0.0,0.0
456,2,74,east,244,3,39.27248458187217,0,0.0,0.0
456,3,74,east,282,3,40.00912063641583,0,86.83691719965995,86.83691719965995
456,4,74,east,305,3,41.06793261091918,0,0.0,0.0
457,0,43,south,288,7,33.76271138655564,0,0.0,0.0
457,1,43,south,322,7,15.937633418391997,0,0.0,0.0
457,2,43,south,350,7,13.811292371469149,0,1.1214167001688242,1.1214167001688242
457,3,43,south,389,7,16.261829385492888,0,0.0,0.0
458,0,46,west,155,8,109.30369190611022,0,0.0,0.0
458,1,46,west,185,8,105.1065224083128,0,0.0,0.0
458,2,46,west,209,9,107.3825973211877,0,8.686945132991166,8.686945132991166
458,3,46,west,240,9,114.28659925448736,0,0.0,0.0
458,4,46,west,266,9,122.22459291449381,0,0.0,0.0
459,0,36,west,152,5,1.0,0,0.0,0.0
459,1,36,west,180,5,1.0,0,0.0,0.0
459,2,36,west,216,5,1.0,0,0.0,0.0
459,3,36,west,241,5,1.0,0,0.0,0.0
459,4,36,west,272,6,9.409487151999507,0,0.0,0.0
459,5,36,west,303,6,15.60167100763108,0,0.0,0.0
460,0,70,west,374,4,89.41434703650903,0,87.62559937329321,87.62559937329321
460,1,70,west,395,4,88.95484627911966,0,0.0,0.0
460,2,70,west,422,4,92.24925307553809,0,24.78597579083105,24.78597579083105
460,3,70,west,448,4,85.93530935714959,0,0.0,0.0
460,4,70,west,479,4,68.4624787619289,0,21.776275832768302,21.776275832768302
461,0,51,west,192,7,75.66942156589212,0,0.031580420956486936,0.031580420956486936
461,1,51,west,216,7,81.16541857371944,0,0.0,0.0
461,2,51,west,255,7,98.78752641710304,0,0.0,0.0
461,3,51,west,283,7,87.99793058901164,0,0.0,0.0
461,4,51,west,316,7,92.43550587140712,0,6.312514173575312,6.312514173575312
462,0,57,east,161,1,29.33325409950899,1,0.0,-0.5
462,1,57,east,199,1,24.474066392974667,1,5.100135848386288,4.600135848386288
462,2,57,east,220,1,18.663630840084778,1,0.0,-0.5
462,3,57,east,243,1,16.40254780269053,1,7.20183655493178,6.70183655493178
462,4,57,east,266,1,26.55446915879474,1,0.0,-0.5
462,5,57,east,289,1,27.38840714571736,1,3.395660622819552,2.895660622819552
462,6,57,east,325,1,36.65044996253462,1,0.0,-0.5
463,0,57,south,381,8,29.240746147969457,0,0.0,0.0
463,1,57,south,410,8,33.632781415587864,0,0.0,0.0
463,2,57,south,438,8,23.0288356481267,0,1.6872011070441295,1.6872011070441295
463,3,57,south,477,8,24.80042241852521,0,0.0,0.0
463,4,57,south,501,9,37.13624428002953,0,10.022284974684096,10.022284974684096
463,5,57,south,521,9,31.117235246798366,0,0.0,0.0
463,6,57,south,549,9,14.245904595352396,0,0.0,0.0
464,0,32,west,161,1,27.206152161050483,1,6.939566395506343,6.439566395506343
464,1,32,west,189,1,28.2477387534148,1,3.121459985927263,2.621459985927263
464,2,32,west,228,1,29.461927028533765,1,0.0,-0.5
464,3,32,west,248,1,25.85734207703362,1,0.0,-0.5
464,4,32,west,284,1,13.952535795876562,1,0.0,-0.5
464,5,32,west,321,1,1.0,1,0.0,-0.5
464,6,32,west,344,1,8.00088370668744,1,84.83909241992865,84.33909241992865
464,7,32,west,382,1,24.55919024294744,1,0.0,-0.5
464,8,32,west,419,1,22.809837878220296,1,0.0,-0.5
465,0,34,west,133,8,36.96240627424807,0,38.14708325586055,38.14708325586055
465,1,34,west,162,8,45.05661047908836,0,61.867222362828194,61.867222362828194
465,2,34,west,196,8,48.77017759911045,0,58.255605559551775,58.255605559551775
465,3,34,west,221,8,30.425395701785337,0,11.5156946841423,11.5156946841423
465,4,34,west,257,8,37.00628312178683,0,6.714379024168686,6.714379024168686
465,5,34,west,281,8,28.632830036401785,0,19.128362161257137,19.128362161257137
466,0,32,east,104,9,67.66059260400873,0,1.0163853093501178,1.0163853093501178
466,1,32,east,139,9,75.75709439733009,0,0.0,0.0
466,2,32,east,165,10,67.78036302625281,0,0.0,0.0
466,3,32,east,186,10,81.2933610282539,0,0.0,0.0
466,4,32,east,223,10,85.64579884774376,0,0.0,0.0
466,5,32,east,243,10,92.14297899803326,0,0.0,0.0
466,6,32,east,266,10,79.83707054667723,0,0.0,0.0
466,7,32,east,290,10,64.05125767230412,0,0.0,0.0
467,0,46,south,340,6,44.30418043133205,0,0.0,0.0
467,1,46,south,363,6,51.7567376310295,0,0.0,0.0
467,2,46,south,383,6,51.136728434269365,0,0.0,0.0
467,3,46,south,411,6,59.212523940528236,0,0.0,0.0
467,4,46,south,441,6,62.57631689770984,0,0.0,0.0
467,5,46,south,466,6,62.556805568860725,0,0.0,0.0
467,6,46,south,490,7,43.62974984951843,0,0.0,0.0
468,0,49,north,376,3,39.24034010310542,0,0.0,0.0
468,1,49,north,408,3,45.591188903050366,0,0.0,0.0
468,2,49,north,438,3,46.044789046300664,0,0.0,0.0
468,3,49,north,472,3,21.434314723968814,0,0.0,0.0
468,4,49,north,493,3,10.622904829149153,0,0.0,0.0
468,5,49,north,530,3,22.805831958758187,0,0.0,0.0
468,6,49,north,566,3,19.67710415480577,0,0.0,0.0
468,7,49,north,603,3,11.470364984512194,0,0.0,0.0
469,0,20,south,340,2,9.752087572328994,1,24.90398342548839,24.40398342548839
469,1,20,south,368,2,8.792840703814601,1,0.0,-0.5
469,2,20,south,398,2,14.38054678746947,1,0.0,-0.5
469,3,20,south,426,2,25.36721178079537,1,0.0,-0.5
469,4,20,south,459,3,17.473690872184694,0,0.0,0.0
470,0,22,north,235,4,139.50332325884085,0,10.64018781517201,10.64018781517201
470,1,22,north,274,4,150.56461338743284,0,0.0,0.0
470,2,22,north,300,4,144.0097320262639,0,0.0,0.0
470,3,22,north,324,4,151.51936186344764,0,6.052445610000397,6.052445610000397
470,4,22,north,358,4,178.50932327081628,0,0.0,0.0
470,5,22,north,391,4,186.29518813886568,0,0.0,0.0
470,6,22,north,429,4,201.21152815492968,0,0.0,0.0
470,7,22,north,456,4,200.59729839824658,0,0.0,0.0
470,8,22,north,493,4,215.57710793174658,0,0.0,0.0
471,0,32,north,306,8,1.0,0,0.0,0.0
471,1,32,north,334,8,1.6547747396976702,0,0.0,0.0
471,2,32,north,358,8,1.0,0,0.0,0.0
471,3,32,north,383,8,1.0,0,0.0,0.0
471,4,32,north,420,8,1.0,0,0.0,0.0
471,5,32,north,446,8,1.0,0,11.017387773632574,11.017387773632574
471,6,32,north,468,8,1.0,0,0.0,0.0
471,7,32,north,506,8,1.0,0,0.0,0.0
472,0,22,west,381,5,43.84775498938948,0,7.967202844671375,7.967202844671375
472,1,22,west,414,5,47.2876756168724,0,3.4928644060359244,3.4928644060359244
472,2,22,west,436,5,41.29796125168269,0,66.57571552972978,66.57571552972978
472,3,22,west,463,5,34.78053821604653,0,0.0,0.0
473,0,34,north,374,4,22.526073099878012,0,0.0,0.0
473,1,34,north,395,4,24.413276852397136,0,0.0,0.0
473,2,34,north,431,4,22.84088629818679,0,0.0,0.0
473,3,34,north,456,4,8.59359624920546,0,0.0,0.0
473,4,34,north,481,4,11.466045603093926,0,0.0,0.0
474,0,32,north,309,4,99.57460253662133,0,0.0,0.0
474,1,32,north,341,4,87.13920972644856,0,0.0,0.0
474,2,32,north,370,4,81.94107805126747,0,0.0,0.0
474,3,32,north,401,5,69.45535986524143,0,0.0,0.0
475,0,63,south,235,2,1.0,1,0.0,-0.5
475,1,63,south,268,2,1.0,1,0.0,-0.5
475,2,63,south,303,2,1.0,1,0.0,-0.5
475,3,63,south,331,2,1.0,1,0.0,-0.5
475,4,63,south,368,2,3.4594656286854035,1,0.0,-0.5
475,5,63,south,396,2,9.61961366822034,1,0.0,-0.5
475,6,63,south,433,2,27.172706808209412,1,0.0,-0.5
475,7,63,south,469,2,14.86731191307703,1,0.0,-0.5
475,8,63,south,493,2,11.732663094002678,1,0.0,-0.5
476,0,38,east,46,2,1.0,0,0.0,0.0
476,1,38,east,72,2,13.217190196201209,0,0.0,0.0
476,2,38,east,102,2,21.785627716949566,0,0.0,0.0
476,3,38,east,134,2,20.079957571352658,1,0.0,-0.5
476,4,38,east,164,2,28.22907479899834,1,0.0,-0.5
476,5,38,east,193,3,31.323413982908637,0,0.0,0.0
476,6,38,east,215,3,33.86779089336741,0,0.0,0.0
477,0,24,north,376,0,65.4414516765371,1,27.053178691065067,26.553178691065067
477,1,24,north,413,0,57.57795015643184,1,0.0,-0.5
477,2,24,north,434,0,57.073354357385554,1,42.03764637464971,41.53764637464971
477,3,24,north,456,0,56.00268384802868,1,4.67917110713051,4.17917110713051
478,0,39,north,102,2,128.53581808271036,0,41.19212425402485,41.19212425402485
478,1,39,north,122,2,127.69763895632866,1,0.0,-0.5
478,2,39,north,151,2,120.37489466841429,1,9.282331777159786,8.782331777159786
478,3,39,north,174,2,114.18416548310122,1,0.0,-0.5
478,4,39,north,194,2,122.8007652535034,1,5.5124991320029695,5.0124991320029695
478,5,39,north,228,2,116.69733872142065,1,0.0,-0.5
478,6,39,north,267,2,103.27673644602646,1,0.0,-0.5
478,7,39,north,304,2,106.50565674299985,1,7.241940142250137,6.741940142250137
479,0,28,east,251,3,30.0343818629973,0,0.0,0.0
479,1,28,east,275,3,30.654172998977813,0,0.0,0.0
479,2,28,east,309,3,28.849951592594582,0,0.0,0.0
479,3,28,east,341,3,28.966970827740855,0,0.0,0.0
479,4,28,east,369,3,28.246956001593627,0,0.0,0.0
479,5,28,east,393,3,14.433472309518677,0,12.202819564049799,12.202819564049799
479,6,28,east,421,3,20.293560717009697,0,0.0,0.0
479,7,28,east,449,3,19.080000770115888,0,0.0,0.0
479,8,28,east,480,4,38.42439615606101,0,0.0,0.0
480,0,44,north,136,8,129.93715650271602,0,0.0,0.0
480,1,44,north,172,8,117.74347728437901,0,0.0,0.0
480,2,44,north,195,8,116.50300461040783,0,0.0,0.0
480,3,44,north,229,8,132.51950974106646,0,0.0,0.0
481,0,19,west,86,8,11.107788562730569,0,0.0,0.0
481,1,19,west,122,8,22.97140606124665,0,0.0,0.0
481,2,19,west,159,8,35.354814334312564,0,0.0,0.0
481,3,19,west,184,8,29.50957678921771,0,0.0,0.0
481,4,19,west,209,8,40.55969190831145,0,0.0,0.0
481,5,19,west,236,8,53.19870834171627,0,0.5870484330482099,0.5870484330482099
481,6,19,west,257,8,53.40360801505528,0,0.0,0.0
481,7,19,west,287,8,58.408880622871756,0,0.0,0.0
481,8,19,west,315,9,71.74940044957079,0,0.0,0.0
482,0,70,north,282,7,1.0,0,0.0,0.0
482,1,70,north,320,7,1.0,0,0.0,0.0
482,2,70,north,340,8,1.0,0,0.0,0.0
482,3,70,north,373,8,8.012548184577515,0,0.0,0.0
482,4,70,north,406,8,12.872047720193217,0,0.0,0.0
482,5,70,north,435,8,14.606336375708867,0,0.0,0.0
482,6,70,north,471,8,3.1778907987680682,0,0.0,0.0
483,0,65,north,149,5,56.32997768164544,0,0.0,0.0
483,1,65,north,173,5,49.66561640939753,0,0.0,0.0
483,2,65,north,197,5,56.29615998765784,0,16.859057456205658,16.859057456205658
483,3,65,north,229,5,39.34067825333294,0,6.474363377339745,6.474363377339745
483,4,65,north,257,5,36.79226435725449,0,7.339588631091655,7.339588631091655
483,5,65,north,294,5,34.23128324712531,0,34.773501509733286,34.773501509733286
483,6,65,north,314,5,29.483673527624788,0,0.0,0.0
484,0,44,east,35,0,17.581282898494127,0,0.0,0.0
484,1,44,east,61,0,17.755236669949117,0,0.0,0.0
484,2,44,east,90,0,6.595717905627884,0,0.0,0.0
484,3,44,east,110,0,21.174174590279552,0,0.0,0.0
484,4,44,east,140,0,16.06797012013299,1,0.0,-0.5
484,5,44,east,172,0,20.80462611406994,1,0.0,-0.5
484,6,44,east,208,0,19.83909077941655,1,0.0,-0.5
484,7,44,east,233,1,12.721144808049589,1,0.0,-0.5
485,0,51,east,141,1,95.51593422943877,1,10.818915853434602,10.318915853434602
485,1,51,east,177,1,83.50482125059276,1,0.0,-0.5
485,2,51,east,200,1,83.30136664801634,1,0.0,-0.5
485,3,51,east,238,1,93.43263636884022,1,0.0,-0.5
485,4,51,east,269,1,92.6874222694452,1,18.446682761608383,17.946682761608383
486,0,74,west,195,5,18.902482689739884,0,17.726166427559733,17.726166427559733
486,1,74,west,215,5,10.952163547540316,0,21.32378751803851,21.32378751803851
486,2,74,west,254,5,17.53891870957061,0,17.45958104109105,17.45958104109105
486,3,74,west,281,5,16.764692869126264,0,2.9653308348592153,2.9653308348592153
486,4,74,west,309,5,15.88069882596366,0,16.266205905445997,16.266205905445997
487,0,36,south,331,5,70.598446508076,0,0.0,0.0
487,1,36,south,351,5,61.535601928020824,0,0.0,0.0
487,2,36,south,385,5,63.38623528915981,0,0.0,0.0
487,3,36,south,423,5,53.89275604400224,0,0.0,0.0
487,4,36,south,457,5,70.97938978984222,0,0.0,0.0
487,5,36,south,478,5,66.06704221642018,0,0.0,0.0
487,6,36,south,515,5,72.48066325173495,0,0.0,0.0
487,7,36,south,551,5,77.3340518283393,0,0.0,0.0
487,8,36,south,580,6,79.92533327961128,0,0.0,0.0
488,0,67,west,377,9,1.0,0,0.0,0.0
488,1,67,west,399,9,1.0,0,0.0,0.0
488,2,67,west,423,9,8.358416094603419,0,0.9244121288860386,0.9244121288860386
488,3,67,west,462,9,16.128996031668375,0,0.0,0.0
488,4,67,west,485,9,10.684513352692115,0,0.0,0.0
489,0,40,south,298,1,29.30936887147142,1,0.4171425892387348,-0.08285741076126518
489,1,40,south,327,1,2.2421681036228733,1,19.10195964969592,18.60195964969592
489,2,40,south,358,1,1.0,1,0.0,-0.5
489,3,40,south,392,1,5.48983676054335,1,0.0,-0.5
489,4,40,south,414,1,30.12663978725478,1,0.0,-0.5
489,5,40,south,448,1,38.69266241230682,1,33.724243894708074,33.224243894708074
489,6,40,south,474,1,47.019868902308886,1,0.0,-0.5
489,7,40,south,496,1,45.49960413668502,1,23.04656608811715,22.54656608811715
490,0,22,east,304,5,82.36507722829093,0,16.7082859319472,16.7082859319472
490,1,22,east,339,5,74.85092208216926,0,0.0,0.0
490,2,22,east,363,5,56.752603574322386,0,0.0,0.0
490,3,22,east,402,5,77.30042744240042,0,0.0,0.0
490,4,22,east,430,5,58.18896392925561,0,57.56915882832601,57.56915882832601
490,5,22,east,459,5,53.34242960372004,0,0.0,0.0
490,6,22,east,488,5,67.67221538843687,0,0.0,0.0
490,7,22,east,515,5,91.929113627437,0,0.0,0.0
490,8,22,east,539,5,95.44943633265869,0,0.0,0.0
491,0,73,south,102,4,75.24136677143339,0,0.0,0.0
491,1,73,south,141,4,72.34934689546307,0,0.0,0.0
491,2,73,south,167,4,86.18750056663777,0,0.0,0.0
491,3,73,south,198,4,80.07663074512314,0,0.0,0.0
491,4,73,south,218,4,80.66731824468505,0,0.0,0.0
491,5,73,south,257,4,64.47531802162791,0,0.0,0.0
492,0,64,east,384,1,84.75716310882393,1,0.0,-0.5
492,1,64,east,411,1,89.8950210912938,1,0.0,-0.5
492,2,64,east,447,1,88.86456495732878,1,0.0,-0.5
492,3,64,east,468,1,77.3171030471646,1,0.0,-0.5
493,0,66,west,331,1,21.408473309099925,1,0.0,-0.5
493,1,66,west,369,1,37.64451868758425,1,0.0,-0.5
493,2,66,west,398,1,35.68765810092752,1,0.0,-0.5
493,3,66,west,421,1,24.129994168897365,1,0.0,-0.5
493,4,66,west,457,1,17.139566270377514,1,0.0,-0.5
494,0,65,north,288,4,9.954313610623192,0,72.60609367212109,72.60609367212109
494,1,65,north,318,4,1.0,0,2.0944491679764488,2.0944491679764488
494,2,65,north,352,4,1.0,0,0.0,0.0
494,3,65,north,375,4,15.834790046701853,0,64.92816016415004,64.92816016415004
494,4,65,north,398,4,22.510019800325317,0,59.04850569679428,59.04850569679428
494,5,65,north,421,4,12.59462929374203,0,2.390995430511075,2.390995430511075
494,6,65,north,445,4,5.505083223319076,0,0.0,0.0
494,7,65,north,477,4,16.536324566227787,0,0.0,0.0
495,0,44,north,328,4,117.58709447582474,0,1.9990356796515447,1.9990356796515447
495,1,44,north,356,4,124.3657404997972,0,0.0,0.0
495,2,44,north,393,4,133.8319947008355,0,0.0,0.0
495,3,44,north,431,4,126.82362925979339,0,0.0,0.0
496,0,38,south,284,6,4.980404294761902,0,0.0,0.0
496,1,38,south,304,7,16.19350103083788,0,0.0,0.0
496,2,38,south,340,8,31.326284358373357,0,0.0,0.0
496,3,38,south,369,8,34.908567535882156,0,0.0,0.0
496,4,38,south,408,8,34.25737325335865,0,0.0,0.0
497,0,19,east,82,1,62.910974385046025,0,16.364960792381527,16.364960792381527
497,1,19,east,108,1,53.42710970883995,0,0.0,0.0
497,2,19,east,139,1,65.96550577416615,1,0.0,-0.5
497,3,19,east,167,1,72.88319442524363,1,0.07537941589383824,-0.42462058410616177
497,4,19,east,188,1,76.69052140797415,1,0.0,-0.5
497,5,19,east,226,1,69.56156449620299,1,0.15701014303861383,-0.3429898569613862
497,6,19,east,247,1,52.902326081713426,1,0.0,-0.5
498,0,58,west,302,6,7.138928510351077,0,0.0,0.0
498,1,58,west,327,6,4.928586220267533,0,0.0,0.0
498,2,58,west,366,6,20.68690267317834,0,9.308785398729643,9.308785398729643
498,3,58,west,394,6,26.11741097317918,0,0.0,0.0
498,4,58,west,428,6,25.631770340009943,0,0.0,0.0
498,5,58,west,460,6,15.086468043371127,0,0.0,0.0
498,6,58,west,483,6,6.533680166751189,0,0.0,0.0
498,7,58,west,512,7,17.936551416778162,0,0.0,0.0
499,0,69,north,169,1,9.77620305804696,1,0.0,-0.5
499,1,69,north,208,1,9.679822315289503,1,0.0,-0.5
499,2,69,north,237,1,28.41064601715193,1,0.0,-0.5
499,3,69,north,269,1,3.7007194804668266,1,0.0,-0.5
499,4,69,north,294,2,1.7744501864919393,1,20.02627786400651,19.52627786400651
499,5,69,north,323,2,1.0,1,0.0,-0.5
499,6,69,north,355,2,1.0,1,0.0,-0.5
499,7,69,north,385,2,9.411875129391145,1,0.0,-0.5
499,8,69,north,420,2,1.0,1,0.0,-0.5
